smiles,ADORA1_10141,AGTR1_9986,CHRM5_9606,ADRA1A_9913,ADORA1_9986,HTR2C_10116,ADORA2A_10141,OPRK1_10090,ACE_9986,EDNRA_10090,EDNRB_9823,UTS2R_10116,VIPR1_9606,PTGFR_10090,TACR1_10116,EDNRA_10116,HRH3_10116,OPRD1_10090,HTR1A_10116,MTNR1B_9606,HTR2B_9606,NPY1R_9606,DRD2_10116,AVPR1A_10090,ADORA2B_9606,ADORA1_10116,HTR2A_9823,HRH3_10141,EDNRB_10116,HTR4_10116,TACR2_10116,EDNRA_9823,ADORA3_9606,TACR2_9606,CHRM3_10116,HRH3_9606,OPRK1_10116,CNR2_10116,AGTR1_10141,OPRM1_10116,CHRM2_10116,ADORA1_9913,BDKRB2_9986,ADRA2A_9606,HTR7_10116,CHRM2_9823,OPRM1_9913,CNR2_10090,BDKRB2_10116,ADRA1A_10116,PTGFR_9913,AGTR1_9606,DRD2_9534,ADORA3_10116,CHRM4_10116,OPRM1_10090,DRD2_9606,AGTR1_9913,TACR1_10141,AGTR1_9823,PTGER2_9606,HTR2A_10090,HRH1_10141,HRH2_9606,ADRB1_10090,ADRB2_10116,CNR1_10090,CHRM4_9606,HTR2A_9606,ADRB1_10116,ADRB2_9606,HTR7_9606,CCKAR_9606,EDNRB_9606,OPRD1_10116,EDNRA_9606,ACE_10090,ADORA1_10090,ADRB2_9913,CHRM3_9606,BDKRB2_9606,PTGER2_10116,DRD1_9606,HRH1_10116,DRD2_10090,ADRA1A_9986,HTR1B_10116,EDNRB_10090,ADORA1_9606,ADRA2B_10116,HRH1_9606,CNR2_9606,HTR1A_10090,CNR1_10116,CNR1_9606,HTR1B_9606,ADRB1_9606,PTAFR_10141,AGTR2_10116,HTR4_10141,CALCRL_9606,ADORA3_10090,OPRK1_10141,BDKRB2_10141,OPRD1_9606,CCKAR_10141,TACR2_10141,UTS2R_9606,HTR1B_10029,AGTR2_9606,PTGFR_9606,ACE_9606,TACR2_9986,OPRK1_9606,DRD2_9913,ACE_10116,HRH2_10141,ADRA2B_9606,ADRB2_10141,CCKAR_10116,DRD1_10116,CALCRL_10116,AVPR1A_10116,ADORA2A_10116,HTR2A_10116,PTGER2_10090,CCKAR_10090,AVPR1A_9606,CHRM2_9606,ADRA2A_10116,PTAFR_9606,ADRA1A_9606,TACR1_9606,CHRM1_9606,HTR4_9606,OPRM1_10141,CHRM1_10116,HTR2C_9606,OPRM1_9606,AGTR1_10116,ADORA2A_9606,HTR2B_10116,CHRM5_10116,DRD1_9823,HRH3_10090,HTR1A_9606
CC(=O)NC1=NC(CN2CCC(NCC(=O)N3CCN(C(=O)C4=CC(C)=CC(C)=C4)CC3C3=CC(Cl)=C(Cl)C=C3)CC2)=CS1,,,,,,,,,,,,,,,,,,,,,,,,,,,,,,,,,,1.0,,,,,,,,,,,,,,,,,,,,,,,,,,,,,,,,,,,,,,,,,,,,,,,,,,,,,,,,,,,,,,,,,,,,,,,,,,,,,,,,,,,,,,,,,,,,,,,,,,,1.0,,,,,,,,,,,,,
CC1=CC=CC(N2CCC3CN(CCCSC4=NN=C(C5=CN=CC=N5)N4C)CC32)=C1,,,,,,,,,,,,,,,,,,,,,,,,,,,,,,,,,,,,,,,,,,,,,,,,,,,,,,,,,0.0,,,,,,,,,,,,,,,,,,,,,,,,,,,,,,,,,,,,,,,,,,,,,,,,,,,,,,,,,,,,,,,,,,,,,,,,,,,,,,,,,,,,,,,,,
CN1CCC[C@@H]1[C@@H]1C[S+]([O-])C(C2=CC=CC=C2)(C2=CC=CC=C2)O1,,,0.0,,,,,,,,,,,,,,,,,,,,,,,,,,,,,,,,,,,,,,,,,,,,,,,,,,,,,,,,,,,,,,,,,0.0,,,,,,,,,,,,0.0,,,,,,,,,,,,,,,,,,,,,,,,,,,,,,,,,,,,,,,,,,,,,,,,,1.0,,,,,1.0,,,,,,,,,,,,
COC1=CC=CC=C1C1=CC(CN(C)C)=CC=C1C,,,,,,,,,,,,,,,,,,,,,,,,,,,,,,,,,,,,,,,,,,,,,,,,,,,,,,,,,,,,,,,,,,,,,,,,1.0,,,,,,,,,,,,,,,,,,,,,,,,,,,,,,,,,,,,,,,,,,,,,,,,,,,,,,,,,,,,,,,,,,,,,,,,,,
CNC(=O)[C@]12C[C@@H]1[C@@H](N1C=NC3=C(NCC4=CC=C(N)C(I)=C4)N=C(Cl)N=C31)[C@H](O)[C@@H]2O,,,,,,,,,,,,,,,,,,,,,,,,,,,,,,,,,1.0,,,,,,,,,,,,,,,,,,,,,0.0,,,,,,,,,,,,,,,,,,,,,,,,,,,,,,,,,,,1.0,,,,,,,,,,,,,,,,,,,,,,,,,,,,,,,,,,,,,,,,,,,,,,,,,,,,0.0,,,,,
COC(=O)[C@H]1CCCN1C1=CC(NC(C)=O)=NC(N2N=C(C)C=C2C)=N1,,,,,,,,,,,,,,,,,,,,,,,,,,,,,,,,,,,,,,,,,,,,,,,,,,,,,,,,,,,,,,,,,,,,,,,,,,,,,,,,,,,,,,,,,0.0,,,,,,,,,,,,,,,,,,,,,,,,,,,,,,,,,,,,,,,,,,,,,,,,,,,,0.0,,,,,
CCCCN1C(=O)NC2=C(N=C(C3=CC=C(S(=O)(=O)O)C=C3)N2)C1=O,,,,,,,,,,,,,,,,,,,,,,,,,1.0,0.0,,,,,,,0.0,,,,,,,,,,,,,,,,,,,,,,,,,,,,,,,,,,,,,,,,,,,,,,,,,,,,,,,,,,,,,,,,,,,,,,,,,,,,,,,,,,,,,,,,,,,0.0,,,,,,,,,,,,,,,,,,,,,,
O=C(NC[C@@]12CC[C@@]3(O1)[C@H]1CC4=CC=C(O)C=C4[C@@]3(CCN1CC1=CC=CC=C1)C2)C1=CC=CC=C1F,,,,,,,,,,,,,,,,,,,,,,,,,,,,,,,,,,,,,,,,,,,,,,,,,,,,,,,,,,,,,,,,,,,,,,,,,,,,,,,,,,,,,,,,,,,,,,,,,,,,,,,1.0,,,,,,,,,,,,,,,,,,,,,,,,,,,,,,,,,1.0,,,,,,,,,,
OC1=CC2=C(C=C1)NC=C2C1=CCNCC1,,,,,,,,,,,,,,,,,,,1.0,,,,,,,,,,,,,,,,,,,,,,,,,,,,,,,,,,,,,,,,,,,,,,,,,,,,,,,,,,,,,,,,,,,,1.0,,,,,,,,,,,,,,,,,,,,,,,,,,,,,,,,,,,,,,,,,,,,,,,,,,,,,,,,,,,
CC(NC(=O)C1=CC=CC=C1C1=CC(Cl)=CC=C1)C1CCNCC1,,,,,,,,,,,,,,,,,,,,,,,,,,,,,,,,,,,,,,,,,,,,,,,,,,,,,,,,,,,,,,,,,,,,,,,,,,,,,,,,,,,,,,,,,,,,,,,,,,,,,,,,,,,,,,,,,,,,,,,,,,,,,,,,,,,,,,0.0,,,,,,,,,,,,
CCCCC1=NC(C)=C(CC(=S)N2C(C)CCC2C)C(=O)N1CC1=CC=C(C2=CC=CC=C2C2=NOC(=O)N2)C=C1,,,,,,,,,,,,,,,,,,,,,,,,,,,,,,,,,,,,,,,,,,,,,,,,,,,,1.0,,,,,,,,,,,,,,,,,,,,,,,,,,,,,,,,,,,,,,,,,,,,,,,,,,,,,,,,,,,,,,,,,,,,,,,,,,,,,,,,,,,,,,,,,,,,,,
O=C(NC1CC2CCC(C1)N2CC1=CC(Br)=CC=C1)C1=CC2=CC=CC=C2C=C1,,,,,,,,,,,,,,,,,,,0.0,,,,1.0,,,,,,,,,,,,,,,,,,,,,,,,,,,,,,,,,,,,,,,,,,,,,,,,,,,,,,,,,,,,,,,,,,,,,,,,,,,,,,,,,,,,,,,,,,,,,,,,,,,,,,0.0,,,,,,,,,,,,,,,,,,,,,
CCOC(=O)C(CC1=CNC2=CC=CC=C12)NC1CCC2=CC=CC=C2N(CC(=O)O)C1=O,,,,,,,,,,,,,,,,,,,,,,,,,,,,,,,,,,,,,,,,,,,,,,,,,,,,,,,,,,,,,,,,,,,,,,,,,,,,,,,,,,,,,,,,,,,,,,,,,,,,,,,,,,,,,,,,0.0,,,,,,,,,,,,,,,,,,,,,,,,,,,,,,,,,,
O=C(CC1=C(Cl)C=CC=C1Cl)NC1=NC2=NN(CCCC3=CC=CC=C3)C=C2C2=NC(C3=CC=CO3)=NN12,,,,,,,,,,,,,,,,,,,,,,,,,0.0,,,,,,,,0.0,,,,,,,,,,,,,,,,,,,,,,,,,,,,,,,,,,,,,,,,,,,,,,,,,,,,,,,,0.0,,,,,,,,,,,,,,,,,,,,,,,,,,,,,,,,,,,,,,,,,,,,,,,,,,,,0.0,,,,,
CC1=CC[C@@H]2[C@@H](C1)C1=C(O)C=C(C(C)(C)C(=O)OCCBr)C=C1OC2(C)C,,,,,,,,,,,,,,,,,,,,,,,,,,,,,,,,,,,,,,,,,,,,,,,,1.0,,,,,,,,,,,,,,,,,,,,,,,,,,,,,,,,,,,,,,,,,,,,1.0,,1.0,,,,,,,,,,,,,,,,,,,,,,,,,,,,,,,,,,,,,,,,,,,,,,,,,,,,
CCN1CCC2(C3=CC(O)=CC=C3)CCCCC2C1,,,,,,,,,,,,,,,,,,,,,,,,,,,,,,,,,,,,,,,,1.0,,,,,,,,,,,,,,,,,,,,,,,,,,,,,,,,,,,,,,,,,,,,,,,,,,,,,,,,,,,,,,,0.0,,,,,,,,,,,,,,,,,,,,,,,,,,,,,,,,,,,,,,,,,,,
COC1=CC=C2CC3N(C)CCC45C2=C1OC4C1(OC)CCC35CC1COCC1CCCCC1,,,,,,,,,,,,,,,,,,,,,,,,,,,,,,,,,,,,,,,,,,,,,,,,,,,,,,,,,,,,,,,,,,,,,,,,,,,,,,,,,,,,,,,,,,,,,,,,,,,,,,,,,,,,,,,,,,,,,,,,,,,,,,,,,,,,,,,,,,,1.0,,,,,,,
O=C(C1=CC(Cl)=C(F)C=C1)N1CCC(F)(CNCCOC2=CC=CC=C2F)CC1,,,,,,,,,,,,,,,,,,,,,,,,,,,,,,,,,,,,,,,,,,,,,,,,,,,,,,,,,0.0,,,,,,,,,,,,,,,,,,,,,,,,,,,,,,,,,,,,,,,,,,,,,,,,,,,,,,,,,,,,,,,,,,,,,,,,,,,,,,,,,,,,,,,,,1.0
COC1=CC2=C(C=C1)NC=C2C1CCN(CCCCN2C(=O)C(C3=CC=CC=C3F)=C3CCCCN3C2=O)CC1,,,,,,,,,,,,,,,,,,,1.0,,,,,,,,,,,,,,,,,,,,,,,,,,,,,,,,,,,,,,,,,,,,,,,,,,,,,,,,,,,,,,,,,,,,,,,,,,,,,,,,,,,,,,,,,,,,,,,,,,,,,,,,,,,,,,,,,,,,,,,,,,,,,,,
COC1=CC=CC=C1N1CCN(CCCC[C@@H]2CCCN2C(=O)CC2CC3CCC2C3)CC1,,,,,,,,,,,,,,,,,,,1.0,,,,0.0,,,,,,,,,,,,,,,,,,,,,,,,,,,,,,,,,,,,,,,,,,,,,,,,,,,,,,,,,,,,,,,,,,,,,,,,,,,,,,,,,,,,,,,,,,,,,,,,,,,,,,0.0,,,,,,,,,,,,,,,,,,,,,
CC1=C(C2=CC=C(Cl)C=C2)N(C2=C(Cl)C=C(Cl)C=C2)N=C1C1=NC(=O)C(C)(C)N1C,,,,,,,,,,,,,,,,,,,,,,,,,,,,,,,,,,,,,,,,,,,,,,,,,,,,,,,,,,,,,,,,,,,,,,,,,,,,,,,,,,,,,,,,,,,,0.0,,,1.0,,,,,,,,,,,,,,,,,,,,,,,,,,,,,,,,,,,,,,,,,,,,,,,,,,,
O=C(CCOCCN1CCN(C2=NC=CC=C2C2=CC=C(F)C=C2)CC1)NCC1=CC=C(C(F)(F)F)C=C1,,,,,,,,,,,,,,,,,,,,,,,,,,,,,,,,,,,,,,,,,,,,,,,,,,,,,,,,,0.0,,,,,,,,,,,,,,,1.0,,,,,,,,,,,,,,,,,,,,,,,,,,,,,,,,,,,,,,,,,,,,,,,,,,,,,,,,,,,,,,,,,,,,,,,,,,0.0
COC1=CC2(C=C(OC)C1=O)C(C1=CC=CC=C1)=C(I)C(=O)N2C(C(=O)NC1CCCCC1)C1=CC=CC([N+](=O)[O-])=C1,,,,,,,,,,,,,,,,,,,,,,,,,,,,,,,,,,,,0.0,,,,,,,,,,,,,,,,,,,,,,,,,,,,,,,,,,,,,,,,,,,,,,,,,,,,,,,,,,,,,,,,,,,,,,,,,,,,,,,,,,,,,,,,,,,,,,,,,,,,,,0.0,,,,,,,,
CN1C=C(C2=CC=C(CN3C(=O)C4(CCN(C5=CC=CC=C5)C4)C4=CC=CC=C43)C(F)=C2)C=N1,,,,,,,,,,,,,,,,,,,,,,,,,,,,,,,,,,,,,,,,,,,,,,,,,,,,,,,,,,,,,,,,,,,,,,,,,,,,,,,,,,,,,,,,,,,,,,,,,,,,,,,,,,,,,,,,,,,,,,,,,,,,,,,,,,,,,,0.0,,,,,,,,,,,,
O=C(OC12CCC(=O)C3OC4=C(O)C=CC5=C4C31CCN(CC1CC1)C2C5)C1=CC=C2C=CC=CC2=C1,,,,,,,,,,,,,,,,,,,,,,,,,,,,,,,,,,,,,,,,,,,,,,,,,,,,,,,,,,,,,,,,,,,,,,,,,,,,,,,,,,,,,,,,,,,,,,,,,,,,,,,,,0.0,,,,,,,,,1.0,,,,,,,,,,,,,,,,,,,,,,,,,0.0,,,,,,,
CC1=CC=CC=C1CN1C=C(CNC2=CN=CC=C2)C2=CC=CC=C21,,,,,,,,,,,,,,,,,,,,,,,,,,,,,,,,,,,,,,,,,,,,,,,,,,,,,,,,,,,,,,,,,,,,,,,,,,,,,,,,,,,,,,,,,,,,,,,,,,,,,,,,,,,,,,,,,,,,,,,,,,,,,,,,,,,,,,,,,,0.0,,,,,,,,
CC1C(=O)NC2=CC=CC(OC[C@@H](O)CNC(C)(C)CC3=CC=C(OC4=CC=C(C(N)=O)C=N4)C=C3)=C21,,,,,,,,,,,,,,,,,,,,,,,,,,,,,,,,,,,,,,,,,,,,,,,,,,,,,,,,,,,,,,,,,,,,,,,0.0,,,,,,,,,,,,,,,,,,,,,,,,,,0.0,,,,,,,,,,,,,,,,,,,,,,,,,,,,,,,,,,,,,,,,,,,,,,,,,
COCC1=C(C(=O)NCCCN2CCC(C#N)(C3=CC=C(F)C=C3)CC2)C(C2=CC=C(F)C=C2)NCN1,,,,,,,,,,,,,,,,,,,,,,,,,,,,,,,,,,,,,,,,,,,,,,,,,,,,,,,,,,,,,,,,,,,,,,,,,,,,,,,,,,,,,,,,,,,,,,,,,,,,,,,,,,,,,,,,,,,,,,,,,,,,,,,,,,,,1.0,,,,,,,,,,,,,,
ClC1=CC=CC(OCCNCCCOC2=CC=CC=C2)=C1,,,,,,,,,,,,,,,,,,,,,,,,,,,,,,,,,,,,,,,,,,,,,,,,,,,,,,,,,1.0,,,,,,,,,,,,,,,,,,,,,,,,,,,,,,,,,,,,,,,,,,,,,,,,,,,,,,,,,,,,,,,,,,,,,,,,,,,,,,,,,,,,,,,,,
N[C@@H](CC1=CC=C(O)C=C1)C(=O)N[C@@H]1CCCC[C@H](C(=O)O)NC(=O)[C@H](CC2=CC=CC=C2)NC(=O)CNC1=O,,,,,,,,,,,,,,,,,,1.0,,,,,,,,,,,,,,,,,,,,,,1.0,,,,,,,,,,,,,,,,,,,,,,,,,,,,,,,,,,,1.0,,,,,,,,,,,,,,,,,,,,,,,,,,,,0.0,,,,,,,,,,,,,,,,,,,,,,,,,,,,,,,,,1.0,,,,,,,,,,
C1=CC=C2OC(CNCCCNC3=NCCN3)CCC2=C1,,,,,,,,,,,,,,,,,,,,,,,,,,,,,,,,,,,,,,,,,,,,,,,,,,,,,,,,,,,,,,,,,,,,,,,,,,,,,,,,,,,,,,,,,,,,,,,,,,,,,,,,,,,,,,,,,,,,,,,,,,,,,,,,,,,,,,,,,,,,,,,,,,1.0
C1=CC=C(OCCN2C(C3CCCN(CC4=NC=CO4)C3)=NC3=CC=CC=C32)C=C1,,,,,,,,,,,,,,,,,,,,,,,,,,,,,,,,,,,,,,,,,,,,,,,,,,,,,,,,,,,,,,,,,,,,,,,,,,,,,,,,,,,,,,,,,,,1.0,,,,,,,,,,,,,,,,,,,,,,,,,,,,,,,,,,,,,,,,,,,,,,,,,,,,,,,
O=C1C2=C(C=C(Cl)C=C2)OC2=C1C=C(OCCCCCN1CCCCCC1)C=C2,,,,,,,,,,,,,,,,,,,,,,,,,,,,,,,,,,,,1.0,,,,,,,,,,,,,,,,,,,,,,,,,,,,,,,,,,,,,,,,,,,,,,,,,,,,,,,,,,,,,,,,,,,,,,,,,,,,,,,,,,,,,,,,,,,,,,,,,,,,,,,,,,,,,,
C=CCN(CC=C)S(=O)(=O)C1=CC=C(NC(=S)NC(=O)C2=CC=C(C3=CC=CC=C3)C=C2)C=C1,,,,,,,,,,,,,,,,,,,,,,,,,,,,,,,,,,,,,,,,,,,,,,,,,,,,,,,,,,,,,,,,,,,,,,,,,,,,,,,,,,,,,,,,,,,,0.0,,,0.0,,,,,,,,,,,,,,,,,,,,,,,,,,,,,,,,,,,,,,,,,,,,,,,,,,,
COC1=CC=C(C2=CC=C3C(=C2)CC2=C3N=C(N)S2)C(OC)=C1OC,,,,,,,,,,,,,,,,,,,,,,,,,,,,,,,,,,,,,,,,,,,,,,,,,,,,,,,,,,,,,,,,,,,,,,,,,,,,,,,,,,,,,,,,,0.0,,,,,,,,,,,,,,,,,,,,,,,,,,,,,,,,,,,,,,,,,,,,,,,,,,,,,,,,,
O=C(O)CCC/C=C\C[C@H]1[C@@H](O)C[C@@H](O)[C@@H]1OC[C@@H](O)CCC1=CC=CC(C(F)(F)F)=C1,,,,,,,,,,,,,,1.0,,,,,,,,,,,,,,,,,,,,,,,,,,,,,,,,,,,,,1.0,,,,,,,,,,,,,,,,,,,,,,,,,,,,,,,,,,,,,,,,,,,,,,,,,,,,,,,,,,,,,,,,,,,,,,,,,,,,,,,,,,,,,,,,,,,,,,,
COC1=CC=C(C2C(C(=O)O)C(C3=CC4=C(C=C3)OCO4)CN2CC(=O)NC2=CC(C)=CC(C)=C2)C=C1,,,,,,,,,,,,,,,,,,,,,,,,,,,,,,,,,,,,,,,,,,,,,,,,,,,,,,,,,,,,,,,,,,,,,,,,,,0.0,,0.0,,,,,,,,,,,,,,,,,,,,,,,,,,,,,,,,,,,,,,,,,,,,,,,,,,,,,,,,,,,,,,,,,,,,,,
CC(=O)NC(=CC1=CC=CC=C1)C(=O)NC1=CC=CC=C1C(=O)NC(CC1=CC=CC=C1)C(=O)O,,,,,,,,,,,,,,,,,,,,,,,,,,,,,,,,,,,,,,,,,,,,,,,,,,,,,,,,,,,,,,,,,,,,,,,,,0.0,,,,,,,,,,,,,,,,,,,,,,,,,,,,,,,,,,,,,,,,,,,,,,,,,,,,,,,,,,,,,,,,,,,,,,,,,
CN1CC2CCN(C3=CC=C(C4=CC=C(C#N)C=C4)C=C3)C2C1,,,,,,,,,,,,,,,,,1.0,,,,,,,,,,,,,,,,,,,1.0,,,,,,,,,,,,,,,,,,,,,,,,,,,,,,,,,,,,,,,,,,,,,,,,,,,,,,,,,,,,,,,,,,,,,,,,,,,,,,,,,,,,,,,,,,,,,,,,,,,,,,,,,,,,,,
FC1=CC=CC(CCCNC2C3C4CC5C6C4CC3C6C52)=C1,,,,,,,,,,,,,,,,,,,,,,,,,,,,,,,,,,,,,,,,,,,,,,,,,,,,,,,,,0.0,,,,,,,,,,,,,,,,,,,,,,,,,,,,,,,,,,,,,,,,,,,,,,,,,,,,,,,,,,,,,,,,,,,,,,,,,,,,,,,,,,,,,,,,,
COC1=CC=C(C2=NN3C(N(C(=O)C4=CC=CC=C4)C(=O)C4=CC=CC=C4)=NC4=NN(C)C=C4C3=N2)C=C1,,,,,,,,,,,,,,,,,,,,,,,,,0.0,,,,,,,,1.0,,,,,,,,,,,,,,,,,,,,,,,,,,,,,,,,,,,,,,,,,,,,,,,,,,,,,,,,0.0,,,,,,,,,,,,,,,,,,,,,,,,,,,,,,,,,,,,,,,,,,,,,,,,,,,,0.0,,,,,
O=[N+]([O-])C1=CC=CC=C1OCCNCC1COCC(C2=CC=CC=C2)(C2=CC=CC=C2)O1,,,,,,,,,,,,,,,,,,,,,,,,,,,,,,,,,,,,,,,,,,,,,,,,,,,,,,,,,,,,,,,,,,,,,,,,,,,,,,,,,,,,,,,,,,,,,,,,,,,,,,,,,,,,,,,,,,,,,,,,,,,,,,,,,,,,0.0,,,,,,,,,,,,,,1.0
CC1=C(C(=O)O)N=C(C(CC2=CNC3=CC=CC=C23)NC(=O)C(CC(C)C)NC(=O)N2CCCCCC2)N1CC1=CC=CC=C1,,,,,,,,,,,0.0,,,,,0.0,,,,,,,,,,,,,,,,,,,,,,,,,,,,,,,,,,,,,,,,,,,,,,,,,,,,,,,,,,,,,,,,,,,,,,,,,,,,,,,,,,,,,,,,,,,,,,,,,,,,,,,,,,,,,,,,,,,,,,,,,,,,,,,,,,
CCN1CC2(CCN(CCC3=CC=CC=C3F)CC2)OC(C)C1=O,,,,,,,,,,,,,,,,,,,,,,,,,,,,,,,,,,,,,,,,,,,,,,,,,,,,,,,,,,,,,,,,,,,,,,,,,,,,,,,,,,,,,,,,,,,,,,,,,,,,,,,,,,,,,,,,,,,,,,,,,,,,,,,,,,,,0.0,,,,,,,1.0,,,,,,,
O=C(CCC(NC(=O)C1=CC(Cl)=CC(Cl)=C1)C(=O)N1CCC2(CCCC2)CC1)NCCN1CCOCC1,,,,,,,,,,,,,,,,,,,,,,,,,,,,,,,,,,,,,,,,,,,,,,,,,,,,,,,,,,,,,,,,,,,,,,,,,,,,,,,,,,,,,,,,,,,,,,,,,,,,,,,,,,,,,,,,,,,,,,,,0.0,,,,,,,,,,,,,,,,,,,,,,,,,,
CC1=CC2=C(C=C1C)NC(=O)CC(C1=CC=C(N3C(C)=NC4=C3C=CN=C4)C=C1)=N2,,,,,,,,,,,,,,,,,,,,,,,,,,,,,,,,,,,,,,,,,,,,,,,,,,,,,,,,,,,,,,,,,,,,,,,,,,,,,,,,,,,,,,,,,,,,,,,,,,1.0,,,,,,,,,,,,,,,,,,,,,,,,,,,,,,,,,,,,,,,,,,,,,,,,
CC(C)(C)OC(=O)NC(CC1=CNC2=CC=CC=C12)C(=O)NC(CCCCNC(=O)NC1=CC=CC=C1[N+](=O)[O-])C(=O)NC(CC(=O)O)C(=O)NC(CC1=CC=CC=C1)C(N)=O,,,,,,,,,,,,,,,,,,,,,,,,,,,,,,,,,,,,,,,,,,,,,,,,,,,,,,,,,,,,,,,,,,,,,,,,,,,,,,,,,,,,,,,,,,,,,,,,,,,,,,,,,,1.0,,,,,,,,,,,,,,,,,,,,,,,,,,,,,,,,,,,,,,,,
CN(CC(=NOCF)C(CCN1CCC(N2CCCCC2=O)CC1)C1=CC(Cl)=C(Cl)C=C1)C(=O)C1=CC(Cl)=CC(Cl)=C1,,,,,,,,,,,,,,,,,,,,,,,,,,,,,,,,,,1.0,,,,,,,,,,,,,,,,,,,,,,,,,,,,,,,,,,,,,,,,,,,,,,,,,,,,,,,,,,,,,,,,,,,,,,,,,,,,,,,,,,,,,,,,,,,,,,,,,,,1.0,,,,,,,,,,,,,
NC(CC1=CC=C(O)C=C1)CN(CC1=CC2=CC=CC=C2C=C1)C(CC1=CC=C(O)C=C1)CN(CC1=CC2=CC=CC=C2C=C1)C(CC1=CC=CC=C1)CN1CCCC1CNCC1=CC2=CC=CC=C2C=C1,,,,,,,,,,,,,,,,,,,,,,,,,,,,,,,,,,,,,,,,,,,,,,,,,,,,,,,,,,,,,,,,,,,,,,,,,,,,,,,,,,,,,,,,,,,,,,,,,,,,,,,,,,,,,,,,,,,,,,,,,,,,,,,,,,,,,,,,0.0,,,,,,,,,,
C1=NC2=C(NC3CCCC3)NC(NC3=CC=C(N4CCOCC4)C=C3)=NC2=N1,,,,,,,,,,,,,,,,,,,,,,,,,,,,,,,,,0.0,,,,,,,,,,,,,,,,,,,,,,,,,,,,,,,,,,,,,,,,,,,,,,,,,,,,,,,,0.0,,,,,,,,,,,,,,,,,,,,,,,,,,,,,,,,,,,,,,,,,,,,,,,,,,,,0.0,,,,,
CC(N)CNC1=NC(N)=NC=C1,,,,,,,,,,,,,,,,,0.0,,,,,,,,,,,,,,,,,,,0.0,,,,,,,,,,,,,,,,,,,,,,,,,,,,,,,,,,,,,,,,,,,,,,,,,,,,,,,,,,,,,,,,,,,,,,,,,,,,,,,,,,,,,,,,,,,,,,,,,,,,,,,,,,,,,,
O=C(O)CS(=O)(=O)CC(=O)N(CCN1C2CCC1CC(C1=CC(O)=CC=C1)C2)CC1CCCCC1,,,,,,,,,,,,,,,,,,,,,,,,,,,,,,,,,,,,,,,,,,,,,,,,,,,,,,,,,,,,,,,,,,,,,,,,,,,,,,,,,,,,,,,,,,,,,,,,,,,,,,,0.0,,0.0,,,,,,,,,,,,,,,,,,,,,,,,,,,,,,,,,,1.0,,,,,,,
S=C(NCC1=CC=CC(Br)=C1)N1CCC(C2=CNC=N2)CC1,,,,,,,,,,,,,,,,,,,,,,,,,,,,1.0,,,,,,,,,,,,,,,,,,,,,,,,,,,,,,,,,,,,,,,,,,,,,,,,,,,,,,,,,,,,,,,,,,,,,,,,,,,,,,,,,,,,,,,,,,,,,,,,,,,,,,,,,,,,,,,,,,,,,,
CCCNC1=NC(C2=CC=CC=C2)=NC2=C1N=NN2CC1=CC=CC=C1F,,,,,,,,,,,,,,,,,,,,,,,,,,,,,,,,,0.0,,,,,,,,,1.0,,,,,,,,,,,,,,,,,,,,,,,,,,,,,,,,,,,,,,,,,,,,,,,,,,,,,,,,,,,,,,,,,,,,,,,,,,,,,,,,,,,,,,,,,,,,,,,,,,,0.0,,,,,
CCCCC(C(=O)NC(CC(=O)O)C(=O)NC(CC1=CC=CC=C1)C(N)=O)N(C)C(=O)C(CC1=CNC2=CC=CC=C12)NC(=O)CNC(=O)C(C)NC(=O)C(N)CC1=CC=C(O)C=C1,,,,,,,,,,,,,,,,,,1.0,,,,,,,,,,,,,,,,,,,,,,1.0,,,,,,,,,,,,,,,,,,,,,,,,,,,,,,,,,1.0,,,,,,,,,,,,,,,,,,,,,,,,,,,,,,,,1.0,,,,,,,,,,,,,,,,,,,,,,,,,,,,,,,0.0,,,1.0,,,,,,,
C1=CC=C(CCCNC2CC3=CC=CC=C3C(C3=CC=CC=C3)C2)C=C1,,,,,,,,,,,,,,,,,,,,,,,,,,,,,,,,,,,,,,,,,,,,,,,,,,,,,,,,,,,,,,,,,,,,,,,,,,,,,,,,,,,,,,,,,,,,,,,,,,,,,,,,,,,,,,,,,,,,,,,,,,,,,,,,,,,,,,,,,,,,,,,,,,
COC1=CC(N2C=CC3=CC=CC=C32)=CC2=C1OCCN(CC1=CC=CN=C1)C2,,,,,,,,,,,,,,,,,,,,,,,,,,,,,,,,,,,,,,,,,,,,,,,,,,,,,,,,,,,,,0.0,,,,,,,,,,,,,,,,,,,,,,,,,,,,,,,,,,,,,,,,,,,,,,,,,,,,,,,,,,,,,,,,,,,,,,,,,,,,,,,,,,,,,
CCSC1=NC2=C(C)C=C(C(=O)NC[C@H](C)C3=CC=CC=C3)C=C2N1CC1=CC=C(C2=CC=CC=C2C(=O)O)C=C1,,,,,,,,,,,,,,,,,,,,,,,,,,,,,,,,,,,,,,,,,,,,,,,,,,,,0.0,,,,,,,,,,,,,,,,,,,,,,,,,,,,,,,,,,,,,,,,,,,,,,,,,,,,,,,,,,,,,,,,,,,,,,,,,,,,,,,,,,,,,,,,,,,,,,
NCC1CCC2CN(C3=NC4=NC(C5=CC=CO5)=NN4C(N)=C3)CCN2C1,,,,,,,,,,,,,,,,,,,,,,,,,,0.0,,,,,,,,,,,,,,,,,,,,,,,,,,,,,,,,,,,,,,,,,,,,,,,,,,,,,,,,,,,,,,,,,,,,,,,,,,,,,,,,,,,,,,,,,,,,,,,,,,0.0,,,,,,,,,,,,,,,,,,,,,,
CO[C@]12CC[C@@]3(C[C@]1(C)[C@H](O)C1=CC=CC=C1)[C@H]1CC4=CC=C(O)C5=C4[C@@]3(CCN1CC1CC1)[C@H]2O5,,,,,,,,,,,,,,,,,,,,,,,,,,,,,,,,,,,,,,,,1.0,,,,,,,,,,,,,,,,,,,,,,,,,,,,,,,,,,,1.0,,,,,,,,,,,,,,,,,,,,,,,,,,,,,,,,,,,,,,,1.0,,,,,,,,,,,,,,,,,,,,,,,,,,,,,,,,
CCCCC/C=C\CC/C=C/C=C/C(=O)NCC(C)C,,,,,,,,,,,,,,,,,,0.0,,,,,,,,,,,,,,,,,,,,,,,,,,,,,,0.0,,,,,,,,0.0,,,,,,,,,,,0.0,,,,,,,,,,,,,,,,,,,,,,,,,,,,,,,,,,,,,,,,,,,,,,,,,,,,,,,,,,,,,,,,,,,,,,,,,,,,,,,
CC(C)N(CC1=CC=CC=C1)C(=O)CN1C(=O)C(CC2=CNC3=CC=CC=C23)C2=NN=C(C3=CC=CC=C3)N2C2=CC=CC=C21,,,,,,,,,,,,,,,,,,,,,,,,,,,,,,,,,,,,,,,,,,,,,,,,,,,,,,,,,,,,,,,,,,,,,,,,,1.0,,,,,,,,,,,,,,,,,,,,,,,,,,,,,,,,,,,,,,,,,,,,,,,1.0,,,,,,,,,,,,,,,,,,,,,,,,,,
O=C1CC2CCN(CC3CCCCC3)C3CCCC(C1CC1=CC=CC=C1)C23,,,,,,,,,,,,,,,,,,,,,,,,,,,,,,,,,,,,,,,,,,,,,,,,,,,,,,,,,,,,,,,,,,,,,,,,,,,,,,,,,,,,,,,,,,,,,,,,,,,,,,,,,0.0,,,,,,,,,0.0,,,,,,,,,,,,,,,,,,,,,,,,,0.0,,,,,,,
NC1=C2N=CN(C3OC(CO)C(O)C3O)C2=NC(NN=CC2=CC=CC=N2)=N1,0.0,,,,,,,,,,,,,,,,,,,,,,,,,,,,,,,,,,,,,,,,,,,,,,,,,,,,,,,,,,,,,,,,,,,,,,,,,,,,,,,,,,,,,,,,,,,,,,,,,,,,,,,,,,,,,,,,,,,,,,,,,,,,,,,,,,,,,,,,,,,,,,,,,
CCC(C)C(CC(S)CC1=CC=CC=C1)C(=O)N1CCCC1C(=O)O,,,,,,,,,,,,,,,,,,,,,,,,,,,,,,,,,,,,,,,,,,,,,,,,,,,,,,,,,,,,,,,,,,,,,,,,,,,,,,,,,,,,,,,,,,,,,,,,,,,,,,,,,,,,,,,,0.0,,,,,,,,,,,,,,,,,,,,,,,,,,,,,,,,,,
CCCCCCOC1=CC(N[C@@H](C)[C@@H](CC2=CC=C(Cl)C=C2)C2=CC=CC(Br)=C2)=NC=N1,,,,,,,,,,,,,,,,,,,,,,,,,,,,,,,,,,,,,,,,,,,,,,,,,,,,,,,,,,,,,,,,,,,,,,,,,,,,,,,,,,,,,,,,,,,,,,0.0,,,,,,,,,,,,,,,,,,,,,,,,,,,,,,,,,,,,,,,,,,,,,,,,,,,,
OC1=C(C(NC2=NC3=CC=CC=C3S2)C2=CC(F)=C(F)C=C2)C2=CC=CC=C2C=C1,,,,,,,,,0.0,,,,,,,,,,,,,,,,,,,,,,,,,,,,,,,,,,,,,,,,,,,,,,,,,,,,,,,,,,,,,,,,,,,,,,,,,,,,,,,,,,,,,,,,,,,,,,,,,,,,,,,,,,,,,,,,,,,,,,,,,,,,,,,,,,,,,,,,,
CCCCC(NC(=O)C(CC1=CNC2=CC=CC=C12)NC(=O)CNC(=O)C(CC(C)C)NC(=O)C(CC1=CC=C(OS(=O)(=O)O)C=C1)NC(=O)C(CC(=O)O)NC(=O)COCCOCCNC(=O)COCCOCCNC(=O)CCC(NC(=O)CCCCCCCCCCCCCCCCC(=O)O)C(=O)O)C(=O)NC(CC(=O)O)C(=O)N(C)C(CC1=CC=CC=C1)C(N)=O,,,,,,,,,,,,,,,,,,,,,,,,,,,,,,,,,,,,,,,,,,,,,,,,,,,,,,,,,,,,,,,,,,,,,,,,,1.0,,,,,,,,,,,,,,,,,,,,,,,,,,,,,,,,,,,,,,,,,,,,,,,,,,,,,,,,,,,,,,,,,,,,,,,,,
O=S(=O)(NCCCCN1CCN(C2=NSC3=CC=CC=C23)CC1)C1=CN=C2C=CC=CN12,,,,,,,,,,,,,,,,,,,,,,,,,,,,,,,,,,,,,,,,,,,,,,,,,,,,,,,,,1.0,,,,,,,,,,,,1.0,,,1.0,,,,,,,,,,,,,,,,,,,,,,,,,,,,,,,,,,,,,,,,,,,,,,,,,,,,,,,,,,,,,,0.0,,,,,,,,,,,,
C=CCN1CC(C)N(C(=NC2=CC=CC=C2)C2=CC=C(C(=O)N(CC)CC)C=C2)CC1C,,,,,,,,,,,,,,,,,,,,,,,,,,,,,,,,,,,,,,,,,,,,,,,,,,,,,,,,,,,,,,,,,,,,,,,,,,,0.0,,,,,,,,,,,,,,,,,,,,,,,,,,,,,,,,,,,,,,,,,,,,,,,,,,,,,,,,,,,,,,,,,,,,,,,
COC(=O)NC12CC3CC(C1)CC(C1=CC(O)=C4C(=C1)OC(C)(C)C1CCC(O)CC41)(C3)C2,,,,,,,,,,,,,,,,,,,,,,,,,,,,,,,,,,,,,,,,,,,,,,,,1.0,,,,,,,,,,,,,,,,,,,,,,,,,,,,,,,,,,,,,,,,,,,,1.0,,1.0,,,,,,,,,,,,,,,,,,,,,,,,,,,,,,,,,,,,,,,,,,,,,,,,,,,,
CC(NC(=O)C(N)CC1=CC=C(O)C=C1)C(=O)NC(CC1=CC=CC=C1)C(=O)NCC(=O)NC(CC1=CC=C(O)C=C1)C(=O)N1CCCC1C(=O)NC(C(=O)NCC(N)=O)C(C)OC1OC(CO)C(O)C(O)C1O,,,,,,,,,,,,,,,,,,,,,,,,,,,,,,,,,,,,,,,,1.0,,,,,,,,,,,,,,,,,,,,,,,,,,,,,,,,,,,1.0,,,,,,,,,,,,,,,,,,,,,,,,,,,,,,,,,,,,,,,,,,,,,,,,,,,,,,,,,,,,,,,,,,,,,,,
O=C(SC(CC(=O)N1CCCC1C(=O)O)C(=O)C1=CC(F)=CC=C1)C1=CC=CC=C1,,,,,,,,,,,,,,,,,,,,,,,,,,,,,,,,,,,,,,,,,,,,,,,,,,,,,,,,,,,,,,,,,,,,,,,,,,,,,,,,,,,,,,,,,,,,,,,,,,,,,,,,,,,,,,,,,,,,0.0,,,,,,,,,,,,,,,,,,,,,,,,,,,,,,
CC(=C1CCN(C2CCN(C(=O)C3=CC=C(F)C4=CC=CC=C34)CC2)CC1)C1=CC=C([S+]([O-])C(C)C)C=C1,,,,,,,,,,,,,,,,,,,,,,,,,,,,,,,,,,,,,,,,,,,,,,,,,,,,,,,,,,,,,,,,,,,,,,,,,,,,,,,,,,,,,,,,,,,,,,,,,,,,,,,,,,,,,,,,,,,,,,,,,,,,,,,,,1.0,,,,,,,,,,,,,,,,,
CN(CC1=CC=CC=C1)C(=O)C(CC1=CC2=CC=CC=C2C=C1)NC(=O)C1CCCN1C(=S)NCC1=CC=CC=C1Cl,,,,,,,,,,,,,,,,,,,,,,,,,,,,,,,,,,,,,,,,,,,,,,,,,,,,,,,,,,,,,,,,,,,,,,,,,,,,,,,,,,,,,,,,,,,,,,,,,,,,,,,,,,,,,,,,,,,,,,,,,,,,,,,,,,,,,1.0,,,,,,,,,,,,,
CNC1=NC(N2C=C(CN(C)C)N=N2)=NC2=C1N=CN2[C@@H]1O[C@H](CO)[C@@H](O)[C@H]1O,,,,,,,,,,,,,,,,,,,,,,,,,,,,,,,,,0.0,,,,,,,,,,,,,,,,,,,,,0.0,,,,,,,,,,,,,,,,,,,,,,,,,,,,,,,,,,,0.0,,,,,,,,,,,,,,,,,,,,,,,,,,,,,,,,,,,,,,,,,,,,,,,,,,,,0.0,,,,,
C1=CC2=C3C(=CN2)CC2CN(CC4CCCCC4)CCN2C3=C1,,,,,,,,,,,,,,,,,,,,,,,,,,,,,,,,,,,,,,,,,,,,,,,,,,,,,,,,,1.0,,,,,,,,,,,,,,,,,,,,,,,,,,,,,,,,,,,,,,,,,,,,,,,,,,,,,,,,,,,,,,,,,,,,,,,,,,,,,,,,,,,,,,,,,
COC1=NC(NCCC2=CC=C(F)C=C2)=NC(C2=CC=C(OC)C(C(C)(C)O)=C2)=N1,,,,,,,,,,,,,,,,,,,,,,,,,,,,,,,,,,,,,,,,,,,,,,,,,,,,,,,,,,,,,,,,,,,,,,,,,,,,,,,,,,,,,,,,,,,,1.0,,,,,,,,,,,,,,,,,,,,,,,,,,,,,,,,,,,,,,,,,,,,,,,,,,,,,,
CCCN1C(OC2=CC=CC3=C2NC=C3)=NC2=C(NC(C3CCCC3)=N2)C1=O,,,,,,,,,,,,,,,,,,,,,,,,,0.0,,,,,,,,0.0,,,,,,,,,,,,,,,,,,,,,,,,,,,,,,,,,,,,,,,,,,,,,,,,,,,,,,,,1.0,,,,,,,,,,,,,,,,,,,,,,,,,,,,,,,,,,,,,,,,,,,,,,,,,,,,0.0,,,,,
CN1CCN(C2=CC=C(O)C3=C2C=CC(=O)N3)CC1,,,,,,,,,,,,,,,,,,,,,,,,,,,,,,,,,,,,,,,,,,,,,,,,,,,,,,,,,0.0,,,,,,,,,,,,0.0,,,,,,,,,,,,,,0.0,,,,,,,,,,,,,,,,,,,,,,,,,,,,,,,,,,,,,,,,,,,,,,,,,,,,,,,,,,,,,,,
CC(C1=CC=C(S(=O)(=O)C2=CC=C(C(C)(C)C)C=C2)C=C1)N1CCN(C2CCCCC2)CC1,,,,,,,,,,,,,,,,,,,,,,,,,,,,,,,,,,,,,,,,,,,,,,,,,,,,,,,,,,,,,,,,,,,,,,,,,,,,,,,,,,,,,,,,,,,,,,,,,,,,,,,,,,,,,,,,,,,,,,,,,,,,,,,,,1.0,,,,,1.0,,,,,,,,,,,,
N=C(CC1=C(C2=CC=C(Cl)C=C2)N(C2=CC=CC=C2Cl)N=C1C(=O)NN1CCOCC1)NO,,,,,,,,,,,,,,,,,,,,,,,,,,,,,,,,,,,,,,,,,,,,,,,,,,,,,,,,,,,,,,,,,,,,,,,,,,,,,,,,,,,,,,,,,,,,,,,1.0,,,,,,,,,,,,,,,,,,,,,,,,,,,,,,,,,,,,,,,,,,,,,,,,,,,
CCOC1=CC=C(C2=CC=C(CCNC(=O)C3=CC4=C(C=C3)CC3C(C)C4(C)CCN3CC3CC3)C=C2)C=C1,,,,,,,,,,,,,,,,,,,,,,,,,,,,,,,,,,,,,,,,,,,,,,,,,,,,,,,,,,,,,,,,,,,,,,,,,,,,,,,,,,,,,,,,,,,,,,,,,,,,,,,,,1.0,,,,,,,,,1.0,,,,,,,,,,,,,,,,,,,,,,,,,1.0,,,,,,,
O=C(NC1=NC(C2=CC=CC=C2)=CS1)C1=CC=C(Cl)C(Cl)=C1,,,,,,,,,,,,,,,,,,,,,,,,,,1.0,,,,,,,,,,,,,,,,,,,,,,,,,,,,,,,,,,,,,,,,,,,,,,,,,,,,,,,,,,,,,,,,,,,,,,,,,,,,,,,,,,,,,,,,,,,,,,,,,,,,,,,,,,,,,,,,,,,,,,,,
O=C(CCN1CCCC2=CC=CC=C21)NC1=C(F)C=C(O)C=C1,,,,,,,,,,,,,,,,,,,,,,,,,,,,,,,,,,,,,,,,,,,,,,,,,,,,,,,,,,,,,,,,,,,,0.0,,,,,,,,,,,,0.0,,,,,,,,,,,,,,,,,,,,,,,,,,,,,,,,,,,,,,,,,,,,,,,,,0.0,,,,,0.0,,,,,,,,,,,,
CC1=CC(N2CCOCC2)=C2C=CC=C(OCC3=C(Cl)C=CC(N(C)C(=O)CNC(=O)C=CC4=CC=C(NC(=O)C5=CC=NC=C5)C=C4)=C3Cl)C2=N1,,,,,,,,,,,,,,,,,,,,,,,,,,,,,,,,,,,,,,,,,,,,,,,,,,,,,,,,,,,,,,,,,,,,,,,,,,,,,,,,,1.0,,,,,,,,,,,,,,,,,,,,,,,1.0,,,,,,,,,,,,,,,,,,,,,,,,,,,,,,,,,,,,,,,,,,
CN(C)CCC1CN(C)C(=S)C2=C(N=CC(Cl)=C2)O1,,,,,,,,,,,,,,,,,,,,,,,,,,,,,,,,,,,,,,,,,,,,,,,,,,,,,,,,,,,,,,,1.0,,,,,,,,,,,,,,,,,,,,,,,,,,,,,,,,,,,,,,,,,,,,,,,,,,,,,,,,,,,,,,,,,,,,,,,,,,,,,,,,,,,
N#CC1=C(C2=CC=CO2)C(C#N)=C(SCCO)N=C1N,,,,,,,,,,,,,,,,,,,,,,,,,0.0,,,,,,,,0.0,,,,,,,,,,,,,,,,,,,,,,,,,,,,,,,,,,,,,,,,,,,,,,,,,,,,,,,,1.0,,,,,,,,,,,,,,,,,,,,,,,,,,,,,,,,,,,,,,,,,,,,,,,,,,,,0.0,,,,,
CCCCC1=NC2=C(C=C(N(C)C(=O)N(C)C(C)C)C=C2)C(=O)N1CC1=CC=C(C2=CC=CC=C2C2=NNN=N2)C=C1,,1.0,,,,,,,,,,,,,,,,,,,,,,,,,,,,,,,,,,,,,,,,,,,,,,,,,,,,,,,,,,,,,,,,,,,,,,,,,,,,,,,,,,,,,,,,,,,,,,,,,,,,,,,,,,,,0.0,,,,,,,,,,,,,,,,,,,,,,,,,,,,,,,,,,,,
NC1=NC(CNC(=O)C2=CC=C(CC3CCC(C(O)C4=CC=CC=C4)N3)C=C2)=CS1,,,,,,,,,,,,,,,,,,,,,,,,,,,,,,,,,,,,,,,,,,,,,,,,,,,,,,,,,,,,,,,,,,,,,,,0.0,,,,,,,,,,,,,,,,,,,,,,,,,,0.0,,,,,,,,,,,,,,,,,,,,,,,,,,,,,,,,,,,,,,,,,,,,,,,,,
CCCC(NC(=O)C(CS)CC1=CC=CC=C1)C(=O)N1CCCC1C(=O)O,,,,,,,,,1.0,,,,,,,,,,,,,,,,,,,,,,,,,,,,,,,,,,,,,,,,,,,,,,,,,,,,,,,,,,,,,,,,,,,,,,,,,,,,,,,,,,,,,,,,,,,,,,,,,,,,,,,,,,,,,,,,,,,,,,,,,,,,,,,,,,,,,,,,,
CN(C)C(=O)C1=CC(OCCCN2CCOCC2)=CC=C1OCC1=CC=CC=C1Cl,,,,,,,,,,,,,,,,,,,,,,,,,,,,,,,,,,,,0.0,,,,,,,,,,,,,,,,,,,,,,,,,,,,,,,,,,,,,,,,,,,,,,,,,,,,,,,,,,,,,,,,,,,,,,,,,,,,,,,,,,,,,,,,,,,,,,,,,,,,,,,,,,,,,,
CC(C)C1=CC(C(=O)NC2C3CC4CC(C3)CC2C4)=NN=C1NC1=CC(Cl)=CC=C1,,,,,,,,,,,,,,,,,,,,,,,,,,,,,,,,,,,,,,,,,,,,,,,,,,,,,,,,,,,,,,,,,,,,,,,,,,,,,,,,,,,,,,,,,,,,0.0,,,0.0,,,,,,,,,,,,,,,,,,,,,,,,,,,,,,,,,,,,,,,,,,,,,,,,,,,
CN1C(=O)NC(=O)C12CC1=C(C=C3N=C(CN(CC4=CC=CC=C4)C(=O)C(C)(C)C)C=CC3=C1)C2,,,,,,,,,,,,,,,,,,,,,,,,,,,,,,,,,,,,,,,,,,,,,,,,,,,,,,,,,,,,,,,,,,,,,,,,,,,,,,,,,,,,,,,,,,,,,,,,,,,,,1.0,,,,,,,,,,,,,,,,,,,,,,,,,,,,,,,,,,,,,,,,,,,,,
NCC1CC1C1=C(OCCF)C=CC2=C1CCO2,,,,,,,,,,,,,,,,,,,,0.0,,,,,,,,,,,,,,,,,,,,,,,,,,,,,,,,,,,,,,,,,,,,,,,,,0.0,,,,,,,,,,,,,,,,,,,,,,,,,,,,,,,,,,,,,,,,,,,,,,,,,,,,,,,,,,,,,,,,,,,,,1.0,,,,,,,,
CCNC(=O)C1=CC=C(C(=C2CC3CCC(C2)N3CC2=CC=CC=C2Cl)C2=CC=C(O)C=C2)C=C1,,,,,,,,,,,,,,,,,,,,,,,,,,,,,,,,,,,,,,,,,,,,,,,,,,,,,,,,,,,,,,,,,,,,,,,,,,,,,,,,,,,,,,,,,,,,,,,,,,,,,,,,,1.0,,,,,,,,,,,,,,,,,,,,,,,,,,,,,,,,,,1.0,,,,,,,
CN1C(CN2CCC(C3=CC=C(Cl)C=C3)CC2)=NC2=CC=CC=C21,,,,,,,,,,,,,,,,,,,,,,,,,,,,,,,,,,,,,,,,,,,,,,,,,,,,,,,,,1.0,,,,,,,,,,,,,,,,,,,,,,,,,,,,,,,,,,,,,,,,,,,,,,,,,,,,,,,,,,,,,,,,,,,,,,,,,,,,,,,,,,,,,,,,,
C1=CC=C(C(OCCCC2=CN=CN2)C2=CC=CC=C2)C=C1,,,,,,,,,,,,,,,,,1.0,,,,,,,,,,,,,,,,,,,1.0,,,,,,,,,,,,,,,,,,,,,,,,,,,0.0,,,,,,,,,,,,,,,,,,,,,,,,,,,,,,,,,,,,,,,,,,,,,,,,,,,,,,,,,,,,,,,,,,,,,,,,,,,,,,,,,,,
NCCCCCCC1=CN=CN1,,,,,,,,,,,,,,,,,,,,,,,,,,,,1.0,,,,,,,,1.0,,,,,,,,,,,,,,,,,,,,,,,,,,,0.0,0.0,,,,,,,,,,,,,,,,,,,,,,,,,,,0.0,,,,,,,,,,,,,,,,,,,,,,,,,,,,,,,,,,,,,,,,,,,,,,,,,,,,,,,
CCCN1CCC2=C3C(=CC(OC)=C2)C2=C(C=CC=C2O)CC31,,,,,,,,,,,,,,,,,,,,,,,1.0,,,,,,,,,,,,,,,,,,,,,,,,,,,,,,,,,,,,,,,,,,,,,,,,,,,,,,,,,,,,0.0,,,,,,,,,,,,,,,,,,,,,,,,,,,,,,,,,,,,,,0.0,,,,,,,,,,,,,,,,,,,,,,,,,
