smiles,CDK2_9606,GSK3B_10090,GSK3A_9606,GSK3B_10116,GSK3B_9606,ABL1_10090,LCK_9606,ZAP70_9606,ABL1_9606,LCK_10090
CC1=NC=C(C2=NC(NC3=CC=C(S(C)(=O)=O)C=C3)=NC=C2)N1C(C)C,1.0,,,,,,,,,
CC1(C)C(=O)NC(=O)C2=C1C=CC1=C2N=C(NC2=C(Br)C=C(Br)C=C2Br)N1,,,,,,,1.0,,,
FC1=CC=C(C2=NC=CC(C3=C(C4=CC=CC=N4)NN=C3)=C2)C=C1,0.0,,0.0,,0.0,,0.0,0.0,0.0,
CC1=NN2N=C(C3=CC=C(F)C=C3)C(C3=NC(NC4=CC=CC(C(F)(F)F)=C4)=NC=C3)=C2C=C1,0.0,,,0.0,1.0,,,,,
CC1=NC=C(C2=CC(C(=O)NC3=CC=C(OC(F)(F)F)C=C3)=CN=C2N2CCC(CO)C2)C=C1,,,,,,,,,1.0,
COC1=CC(NC2=C(C(N)=O)C3=NC=NN3C(N[C@H]3CCCC[C@H]3N)=N2)=CC(OC)=C1,,,,,,,,1.0,,
COC1=C(OC)C2=C(C=C1)N1C(CCCO)=NC=C1C(NC1=C(C)C=CC=C1Cl)=N2,,,,,,,1.0,,,
COC1=CC=C(NC2=NN=C(C3=CC=C([N+](=O)[O-])C=C3)O2)C=C1,,,,,1.0,,,,,
CCN(CC)CC1=CC=CC(NC2=NC=CC(C3=C4C=CC=NN4N=C3)=N2)=C1,1.0,,,,,,,,,
CN1C=C(C2=C(C3=COC4=C3C=CC(CO)=C4)C(=O)NC2=O)C2=C1C=CC(C#N)=C2,,,,,1.0,,,,,
N#CC1=CC(Cl)=C(C(=O)NC2=CC=NC(NC(=O)C3CC3)=C2)C(Cl)=C1,,,,,,,,,,
C1=CCN2C=CC3=C2C=C(C=C3)C2=NC(=NC=C2)NC2=CC=CC(=C2)COC1,1.0,,,,,,,,,
CN1C(C2=CC=C(S(C)(=O)=O)C=C2)=NC2=C(SC3=CC=CC=C3)N=CN=C21,,,,,0.0,,0.0,,,
O[C@H]1CC[C@H](NC2=NC(CC3=CC=CC=C3)=CC(NC3=NC4=CC=CC=C4S3)=N2)CC1,,,,,,,1.0,,,
CC(C)N1N=C(C2=CC3=NON=C3C=C2)C2=C(N)N=CN=C21,,,,,,,,,0.0,
COC1=C(OC2=CC=CC=C2)C=CC(C=C2CCNC2=O)=C1,,,,,0.0,,,,,
CC(O)C(C)OC1=NC(NC2=CC=C(S(C)(=N)=O)C=C2)=NC=C1Br,1.0,,,,,,,,,
BrC1=C2N=C(C3=CC=CC=C3)C=C(NCC3=CC=NC=C3)N2N=C1,1.0,,,,,,,,,
COCC1=NC2=C(C(C)=NN2C2=CC=CC=C2)C(=O)N1,,,,,,,,,0.0,
CCN(CC)C(=O)OC1=C(C2=CC=CC3=CC=CC=C23)C2=CC=CC=C2N1,,,,,0.0,,,,,
CC1=C(C2=CC=C(OC3=CC=CC=C3)C=C2)C2=C(N)N=CN=C2N1C1CCCC1,,,,,,,1.0,,,
CC1=NC(C)=C(C2=NC(NC3=CC=C(O)C=C3)=NC=C2)S1,1.0,,,,,,,,,
CC1=C(C=CCN(C)C)NC(=O)C2=C1C=CC1=C2N(C)C(NC2=C(Cl)C=CC=C2Cl)=N1,,,,,,,1.0,,,
CC1=CC(NC(=O)COC2=CC(O)=C3C(=O)C=C(C4=CC=CC=C4)OC3=C2)=NC=C1Br,,,,,,,,,0.0,
NS(=O)(=O)C1=CC=C(N=NC2=C(O)NC3=C2C=C(Br)C=C3)C=C1,1.0,,,,,,,0.0,,
COC1=CC(OC)=C(N(C(=O)OC2=C(C)C=CC=C2C)C2=NC(NC3=CC(OC)=C(OCCN4CCOCC4)C(OC)=C3)=NC=C2)C=C1,,,,,,,1.0,,,
CC1=CC(NC2=NN=C(C3=CC=CN=C3CCC3=CC=NC=C3)O2)=CC=C1,,,,,,,,,,
CSC1=NC(N2CCCCC2)=C2C=CN(CC3=CC=C(F)C=C3)C2=N1,,,,,,,,,0.0,
COC1=CC=CC=C1CCN(C)C1=CC(C2=NC=NC=C2)=CC(=O)N1C,,,,,1.0,,,,,
CN1C=CN=C1C(=O)NC1=CC(OC2=CC3=C(C=C2)C(C=CC2=CC=CC=N2)=NN3)=CC=C1,,,,,,,0.0,,,
COC(=O)C1=CC2=CC(NC3=CC=CC(Br)=C3)=CN=C2N1,,,,,,,,,0.0,
CC1=CC(C)=C(NC(=O)C2=CN=C(NC3=NC=CN=C3)S2)C(C)=C1,,,,,,,1.0,,,
CN(C)CCN1C=NC(C2=CC=C(F)C=C2)=C1C1=CC2=C(C=C1)NN=C2,,,,,0.0,,,,,
CN1C=C(NC2=NC=C(Br)C(N[C@H]3[C@@H](C(N)=O)[C@@H]4C=C[C@H]3C4)=N2)C=N1,,,,,1.0,,1.0,,,
CC1=C2NC(O)=C(C=NC3=CC=C(S(N)(=O)=O)C=C3)C2=CC=C1,0.0,,,,,,,,,
CN(C)C(=O)C1=CC=CC(C2=CN=C(N)C(C3=NC4=C(C(N5CCNCC5)=CC=C4)N3C)=N2)=C1,0.0,,,,,,,,,
COC1=CC=C(CNC2=NC(SC)=NC3=C2C=NN3CC(Cl)C2=CC=CC=C2)C=C1,,,,,,,,,1.0,
NC1=C(F)C(NCCNC2=CC=CC=N2)=C2OCCC3(CCCC3)N3C=C(C(=O)O)C(=O)C1=C23,,,,,1.0,,,,,
CCCCCCCCN(CCCCCCCC)C(=O)C(C)NC(=O)C(NC(=O)C(CC1=CC=C(OP(=O)(O)O)C=C1)NC(C)=O)C(C)C,,,,,,,,,0.0,
CN1C=C(C2=C(C3=NN=C4C=CC=CN34)C(=O)NC2=O)C2=C1C=CC(Cl)=C2,,,,,1.0,,,,,
CC(C)(C)C(=O)NC1=CC2=C(C=C1)C1=CC=CC=C1C(=O)C2=O,,,,,,,0.0,,,
ClC1=CC=CC(N2C=C(C3=CC=CC=C3NCC3=CC4=C(C=C3)OCO4)N=N2)=C1,0.0,,,,0.0,,,,,
O=C1N=C2C=CC(I)=CC2=C1C1=C(O)N(C2=CC=CC=C2)C(=NC2=CC=CC=C2)S1,,,,,0.0,,,,,
COC1=CC(N2CCC3=C(C2)SC(NC(=O)NCCC2=CN(CC(F)F)C=N2)=N3)=CN=C1Cl,,,,,0.0,,,,,
O=C(NC1=CC=C(Cl)C(C2=CC=C3C=C(NC(=O)C4CC4)N=CC3=C2)=C1)C1CCOCC1,,,,,,,,,1.0,
O=C1NNC=C1N=NC1=CC=CC=C1Cl,,,,,0.0,,,,,
CC1=CC(C2=C(Cl)C=CC(O)=C2)=CC2=C1N=C(NC1=CC=C(S(=O)(=O)N(C)CCN3CCCC3)C=C1)N=N2,,,,,,,,,1.0,
CC1=C(NC(=O)C2=CN=C(NCCN3CCOCC3)N=C2OC2=CC=CC=C2)C=C(C(=O)NC2=CC=CC(C(F)(F)F)=C2)C=C1,,,,,,,1.0,,,
CC1=C2C=C(C3=NN=C(NCC(N)CC4=CC=CC=C4C(F)(F)F)S3)C=CC2=NN1,1.0,,,,,,,,,
NC(=O)C1=C2NC3=CC(OCC(=O)O)=CC=C3CCN2N=C1C1=CC=C(OC2=CC=CC=C2)C=C1,,,,,,,1.0,,,
CC(C)N1N=C(C2=CC(C=O)=CO2)C2=C(N)N=CN=C21,,,,,,,,,0.0,
NC1=CC=CC=C1NC(=O)C=CC1=CC(C2=CC3=C(C=C2)N=CN=C3NC2=CC(Cl)=C(OCC3=CC(F)=CC=C3)C=C2)=CC=C1,1.0,,,,,,,,0.0,
COC1=CC=C(N2C=NC3=C2C=C(C2=NN=C(SCC4=CC(C#N)=CC=C4)O2)C=C3)C=C1,0.0,,,,1.0,,0.0,,,
CCN1C(C2=NON=C2N)=NC2=C(C#CC(C)(C)O)N=C(OCC(N)CC3=CC=CC=C3)C=C21,,,,,1.0,,,,,
NC1=NC=C(C2=CC=C(S(=O)(=O)N3CCOCC3)C=C2)N=C1C(=O)NC1=CC=CN=C1,,1.0,,,1.0,,,,,
FC1=CC=C(C2=NN3N=CC=CC3=C2C2=NC(NC3=CC4=C(C=C3)OCCO4)=NC=C2)C=C1,0.0,,0.0,,1.0,,0.0,0.0,0.0,
COC1=CC=C(C2=CC=C3C(N4CCOC[C@@H]4C)=NC(N4CCOC[C@@H]4C)=NC3=N2)C=C1CO,0.0,,0.0,,0.0,,0.0,,0.0,
CC1CN(C2=CC=C(N=CC3=C(O)NC(=O)C4=C3C=C(I)C=C4)C=C2)CC(C)N1C,0.0,,,,,,,,,
NC1=NC(C2=C(O)C=CC(N3CC(O)C(O)C3)=C2)=CC(C2CCNCC2)=N1,1.0,,,,,,,,,
COCCOC1=CC=C2C=C1CN(C)CC=CCOCC1=CC=C(O1)C1=CC=NC(=N1)N2,0.0,,,,,,,,,
CCOC(=O)CN=C1N=C(C2=CC=CC=C2)N(C2=CC=CC=C2)S1,,,,,0.0,,,,,
CN1C(N2CCOC3CCCC32)=NC(C2=C(F)C=NC=C2)=CC1=O,,,,,1.0,,,,,
O=C(NCCC1=CC=CC=C1)C1=C2N=C(C3=CC=CC=C3)NC2=C(O)C=C1,,,,,1.0,,,,,
CN(C1=CC=CC(NC(=O)C2=CC(C(F)(F)F)=CC=C2)=C1)C1=CC2=C(C=C1)C(C=CC1=CC3=C(C=C1)OCO3)=NN2,,,,,,,0.0,,,
NC1=NC=NC2=C1C=NN2CC1CCNCC1,,,,,,,,,0.0,
O=C(NC1=NN2C(C3=CC=C(CN4CCS(=O)(=O)CC4)C=C3)=CC=CC2=N1)C1CC1,0.0,,0.0,,0.0,,0.0,,0.0,
CC1=CC=C(C2=CN=C(C3COCCN3CC3=CNC4=CC=CC=C34)N2)C=C1,,,,,1.0,,,,,
C#CCNC(=O)C1=CC=CC=C1SC1=CC2=C(C=C1)C(C=CC1=CC=CC=N1)=NN2,,,,,,,0.0,,,
FC1=CC=CC=C1C1=NC=CC2=C1NC1=CC=CC=C12,,,,,,,,,,
NC1=NC=C(C2=CC(C(=O)NC3=CC=C(OC(F)(F)F)C=C3)=CN=C2N2CCC(O)C2)C=N1,,,,,,,,,1.0,
NC1=NC=NC2=C1C(C1=CC3=C(Cl)C=CC=C3N1)=NN2CC1CCNCC1,,,,,,,,,0.0,
COC1=C(C(=O)NCCCNC2=C3CCCCC3=NC3=CC(Cl)=CC=C23)SC(C2=CC=NC(NC(=O)C3CC3)=C2)=N1,,,,,1.0,,,,,
COC1=CC=C(C#CC(C)(C)N)C=C1C1=C2C=CC(NC3=CC=C(F)C=C3F)=NC2=NN1,,,,,,,,,0.0,
NC(=O)C1=CC=C(C2=CC(C(N)=O)=C(N)C(C3=CC=C(S(N)(=O)=O)C=C3)=C2)C=C1,0.0,,0.0,,,,0.0,0.0,0.0,
CC1=C(C2=NC(NC3=CC=C(F)C=C3)=NC=C2)C(C)=C(Cl)N1,1.0,,,,,,,,,
O=C1NNC(C2=CC=CC=C2)=C(N=NC2=CC=CC=C2)C1=O,,,0.0,,0.0,,,,,
CCNC(=O)NC1=NC2=C(C=C(C3=C(C)C=NC=C3)C=C2)N1,,,,,,,,,1.0,
NCCCC1=NC(NC2=CC=C(N3CCOCC3)C=C2)=C2C(=O)NC=CC2=C1,,,,,,,,1.0,,
C[C@H](C1=CC=C(F)C=C1)N(CC1=CC=CC(C(=O)O)=C1)C(=O)C1=CN=C2C=CC=CC2=C1,,,,,,,,,,
CC1=C(F)C=NC=C1C1=CC2=CN=C(NC(=O)C3CC3F)C=C2C=[N+]1[O-],,,,,,,,,1.0,
CN1CC=C(C2=C(O)C=C(O)C3=C2OC(C2=C(Cl)C=C(SC4=NC5=CC=CC=C5N4)C=C2)=CC3=O)CC1,,,,,1.0,,,,,
CC1=CC=C(F)C=C1C1=CC=C2C=C(NC(=O)C3C[C@H]3F)N=CC2=C1,,,,,,,,,1.0,
O=C1CC2=C(NC3=C2C=C([N+](=O)[O-])C=C3)C2=C(C=CC(Br)=C2)N1,,,,,1.0,,,,,
NC(=O)C1=C2NC3=CC=C(OCC4=CC=NC=C4)C=C3CCN2N=C1C1=CC=C(OC2=CC=CC=C2)C=C1,,,,,,,1.0,,,
COC1=CC=CC2=C1NC(C1=C3C(N)=NC=NN3C(C3CCC(C(=O)O)CC3)=N1)=C2,,,,,,,,,,
CN(CC1=CC=CC=C1)C(=O)C1=CC=C(S(=O)(=O)NC2=CC=CC=C2)C=C1,0.0,,,,0.0,,0.0,,0.0,
N#CC1=CC=C(C2=CC3=C(N=C2)NC=C3NC(=O)C2=CN=CC=C2)C=C1,0.0,,0.0,,,,,,,
COC1=CC=C2C(C3=CC=NC(N)=N3)=CNC2=C1,,,,,0.0,,,,,
NC1=NC2=C(C=CC(C3=NN(CC4OCCO4)C4=NC=NC(N)=C34)=C2)O1,,,,,,,,,0.0,
CCCCCCCCCCCC(=O)NNC(=O)C1=C(O)C2=CC=CC=C2N(CC=C(C)C)C1=O,,,,,0.0,,,,,
CC1(C)C2=C(C=CC(C3CCN(CC4CCOCC4)CC3)=C2)C(=O)C2=C1NC1=C2C=CC(C#N)=C1,,,,,,0.0,,,,
FC1=CC(N2C=NC3=C(NCC4=NC5=C(C=CC(F)=C5F)N4)N=C(N4CCOCC4)N=C32)=CC(F)=C1,,,,,,,,,,
CCCN(C(=O)NC1=CC=CC=C1F)C1CCC2=C(C1)SC(NCC1=CC=C(C(=O)O)C=C1)=N2,,,,,0.0,,,,,
CN(C1=NC=NC(NC2=CC=CC=N2)=C1)C1CCCCC1,,,,,,,0.0,,,
CC1=NC(NCCCCCC(=O)NO)=CC(NC2=NC=C(C(=O)NC3=C(C)C=CC=C3Cl)S2)=N1,,,,,,,1.0,,1.0,
COC1=CC(C=C(C(=O)/C=C/C2=CC=C(O)C(OC)=C2)C(=O)/C=C/C2=CC=C(O)C(OC)=C2)=CC=C1O,,,,,,,,,1.0,
CC1=CC=C(N2N=C(C(C)(C)C)C=C2NC(=O)NC2=CC=C(OC3=NC(NC4=CC=CC5=C4C=CN5)=NC=C3)C3=CC=CC=C23)C=C1,,,0.0,,,,,,,
CC1=CC(NC2=NC(NC3=CC=CC(C(N)=O)=C3)=NC=C2)=CC(O)=C1,,,,,,,,,,1.0
CCNC1=NC=C(NC(=O)C2=CC(NC(=O)C3=CC=CC(C(F)(F)F)=C3)=CC=C2C)C=N1,,,,,,,1.0,,,
COC1=C(OC)C=C(C=CC(=O)NC2=CC(SC3=NC=NN3)=C(O)C3=CC=CC=C23)C=C1,,,,,,,,,0.0,
CC1=C(C2=CC3=CN=C(NC(=O)C4CC4)C=C3C=C2)C=C(NC(=O)C2=CC=C(C3CCN(C)C3)C=C2)C=C1,,,,,,,,,1.0,
C1=CC2=C(C=NN2)C=C1N1C=C(C2CC2)N=N1,,,,,0.0,,,,,
COC1=CC=C(CNC(=O)C(CCC(=O)O)NC(=O)C(CC2=CC=C(NC(=O)C(=O)O)C=C2)NC(C)=O)C=C1,,,,,,,0.0,,,
COC1=C(NC(=O)C2=CSC3=CN=CN=C23)C=C2C=CC=NC2=C1,0.0,,,,,,0.0,,0.0,
CC1(C)NC2=CC=CN=C2NC1=O,,,,,0.0,,,,,
CCCCCCCCCCCC(=O)NNC(=O)C1=C(O)C2=CC=C(Cl)C=C2N(C)C1=O,,,,,0.0,,,,,
NC1=CC=C(C2=CC(=O)C3=C(O2)C(N)=CC(N)=C3)C=C1,,,,,,,0.0,,,
COC1=CC=C(NN=CC2=C(O)C=CC(O)=C2)C=C1,,,,,,,0.0,,,
CC1=C(NC(=O)C2=C(C(=O)O)C=CC=C2C(=O)O)C(=O)N(C2=CC=CC=C2)N1C,,,,,,,,,,
CN1CCN(C2=CC=C(C3=C4N=CC(C5=CC=C(NC(=O)NC6=CC=CC=C6Cl)C=C5)=C(N)N4N=C3)C=C2)CC1,,,,,,,1.0,,,
CN1C=CC2=C1C=CC(C1=NN(C3CCCC3)C3=NC=NC(N)=C13)=C2,,,,,,,,,1.0,
CNC(=O)C1=C(OCC2CC2)N=C(C2=CC(NC(=O)CNCCNC3=C4CCCCC4=NC4=C3C=CC(Cl)=C4)=NC=C2)S1,,,,,1.0,,,,,
COC1=CC=CC=C1C1=CNC2=C1C=C(C1=CC(C(=O)N(C)C)=CN=C1)C=N2,,,,,,,,,1.0,
COC1=CC=CC=C1C1=CC=C2N=C(NC(=O)NCCN3CCN(C)CC3)SC2=C1,,,,,,,,,1.0,
CCOC(=O)C1=C2N=CC=C(C3=CC(NC(=O)C4=CC(C(F)(F)F)=CC=C4)=CC=C3)N2N=C1,,,,,,,0.0,,,
COC1=C(OC)C=C2C(=C1)N=CN2C1=CC(OCC2=CC=CC=C2C(F)(F)F)=C(C(=O)N(C)C)S1,0.0,,0.0,,0.0,,0.0,0.0,0.0,
CC1=CN=C(NC(=O)COC2=CC(O)=C3C(=O)C=C(C4=CC=CC=C4)OC3=C2)C=C1,,,,,,,,,1.0,
CC1=C(NC(=O)C2=CC3=C(C=C2)N=C(NC2=CC=CC(CN4CCOCC4)=N2)S3)C(Cl)=CC=C1,,,,,,,1.0,,,
O=C(NC1=CC=C(OC(F)(F)Cl)C=C1)C1=CN=C(N2CCC(O)C2)C(C2=CC(F)=CN=C2)=C1,,,,,,,,,1.0,
COC1=CC(OC)=C(C=CS(=O)(=O)CC2=CC(NCC(=O)O)=C(OC)C=C2)C(OC)=C1,,,,,,,,,,
COC1=C(O)C=CC(C(=O)NC2=CC=C(NC(=O)C3=CC=CC=C3)C=C2)=C1,0.0,,,,,,,,,
CC(C)CN(C)C(=O)C1=CC2=C(C=C1)C=C(C1=C(C3=CC=CC=C3)C=NN1)N2,,,,,0.0,,,,,
CN1CCN(C2=CC=CC3=C2N=C(C2=NNC4=C2C=CC(C2=CC=C(CN)C=C2)=C4)N3)CC1,0.0,,,,,,,,,
COC(=O)C(CC1=CC=C(O)C=C1)NC(=O)C1=NC2=C(C=C(C3=CC=CS3)C=C2)C(C(=O)NS(C)(=O)=O)=C1,0.0,,,,,,,,,
CC(C)N(CCO)C1=NC(NC2=CC=CC(Cl)=C2)=C2N=CN(C(C)C)C2=N1,,,,,,,,,,
CCCC(=O)NC1=NNC2=C1C=CC(C1=CC=C(F)C=C1)=C2,,,,,0.0,,,,,
O=C1NC(=O)C(C2=CC=CC=C2[N+](=O)[O-])=C1NC1=CC(Cl)=C(O)C=C1,,,1.0,,1.0,,0.0,,,
FC(F)(F)C1=CC=C(C2=CC3=NC=CN=C3N2)C=C1,,,,,0.0,,,,,
NC(=O)C1CCN1C1=NC(CC2=CC=CC=C2)=CC(NC2=NNC(C3CCC3)=C2)=N1,,,,,,,1.0,,,
CN1N=C(N)C2=CN(C3OC(CO)C(O)C3O)C3=C2C1=NC=N3,,,,,,,,,,
CC(C)N1N=C(C2=CC3=C(C=C2)N=C(Cl)C=C3)C2=C(N)N=CN=C21,,,,,,,,,0.0,
CC1=CN=C2C=C(C3=CC=CC=C3)NC2=N1,,,,,0.0,,,,,
CC1=C(NC(=O)C2=CC3=C(C=C2)N=C(NC2=CC=CC=N2)S3)C(Cl)=CC=C1,,,,,,,1.0,,,
O=C(C=CC1=CC=C(C(=O)NC2=CC=CC(NC3=NC=C(C4=CN=CC=C4)S3)=C2)C=C1)NO,,,,,,,,,0.0,
CC1=C(F)C=C(C2=CC3=CN=C(NC(=O)C4CC4)C=C3C=C2)C=N1,,,,,,,,,1.0,
CCCC(=O)NC1=NNC2=CC(C3=CC=C(O)C=C3)=C(C3=CC=C(O)C=C3)C=C12,,,,,1.0,,,,,
NC(=O)C1=CC2=C(C=C1)N=C(C1=CC=C(OC3=CC=C(Cl)C=C3)C=C1)N2,,,,,,,,,,
CSC1=NC(NCCC2=CC=CC=C2)=C2C=NN(CC(Br)C3=CC=CC=C3)C2=N1,,,,,,,,,1.0,
CC1=CC(NC2=NC3=C(C=C(C(=O)NC4=C(C)C=CC=C4Cl)C=C3)S2)=NC=N1,,,,,,,1.0,,,
CC1=CC2=C(OC(C3=CC(O)=C(O)C=C3)=C(O)C2=O)C(N)=C1,1.0,,,,,,,,,
O=C1NC(=O)C(C2=CC=CC=C2Cl)=C1NC1=CC(Cl)=C(O)C=C1,,,0.0,,1.0,,,,,
CN(C)S(=O)(=O)C1=CC=C(NC2=CC(N[C@H]3CC[C@H](N)CC3)=NC3=C(Br)C=NN23)C=C1Cl,1.0,,,,0.0,,,,,
CC(=O)NS(=O)(=O)C1=CC=C(N=CC2=C(O)NC3=C2C2=C(C=C3)N=CS2)C=C1,1.0,,,,,,,,,
CC1=C(C(=O)NC2=CN=C(NC3=CC=C(N4CCN(C)CC4)C=C3)N=C2)C=C(C(=O)NC2=CC=CC(C(F)(F)F)=C2)C=C1,,,,,,,1.0,,,
CCOC1=CC2=NC=NC(NC3=CC=CC(Br)=C3)=C2C=C1OCC,,,,,,,0.0,,0.0,
CC(=O)NC(CC1=CC=C(OP(=O)(O)O)C=C1)C(=O)NC(CC(C)C)C(=O)NCC1=CC=C(C(C)(C)C)C=C1,,,,,,,0.0,,,
CN(C)C(=O)C1=CC2=CN=C(NC3=CC=C(CN4CCC(O)CC4)C=N3)N=C2N1C1CCCC1,0.0,,,,,,,,,
CCNC(=O)NC1=NC2=C(C=C(C3=CC=CC=C3C)C=C2)N1,,,,,,,,,1.0,
COC1=CC(C)=CC=C1OC1=NC(NC2=CC=C(N3CCOCC3)C=C2)=NC=C1NC(=O)NC1=CC(Cl)=CC(Cl)=C1,,,,,,,0.0,,,
NC1=NC=CC(C2=CNC3=C2C=CC(C(F)(F)F)=C3)=N1,,,,,0.0,,,,,
CN1N=C(C(N)=O)C=C1C1=CC(NC(=O)C2CC2)=NC=C1,,,,,1.0,,,,,
CC1=CC(OC2=NC(N3CCCC3C(=O)NCCCN3C=CN=C3)=NC=C2)=CC=C1,0.0,,,,,,0.0,0.0,0.0,
O=C1NC2=C(C1=CC1=CN=CN1)C1=C(C=C2)N=CS1,,,0.0,,0.0,,0.0,,0.0,
CC1=CC=C(NC(=O)C2COCCO2)C=C1C1=CC=C2C=C(NC(=O)C3CC3)N=CC2=C1,,,,,,,,,1.0,
COC1=C(NS(=O)(=O)C2=CC=CC=C2)C=CC(C2=NN(C3CCC(N4CCN(C)CC4)CC3)C3=NC=NC(N)=C23)=C1,,,,,,,0.0,,,
CC1=CC=CC(C)=C1NC1=NC2=CC=CC([N+](=O)[O-])=C2N2C=NC=C12,,,,,,,1.0,,,
CCSC1=NN2C(CC3=CC=CC=C3)=NN=C2S1,0.0,,,,,,,,,
CC(C)COC1=NC2=C(C(C)C)C=NN2C(NC2=CC=C(S(C)(=O)=O)C=C2)=C1,0.0,,,,0.0,,,,,
CC1=CC=C(C(=O)NC2(C)COC2)C=C1C1=CC=C2C=C(N)N=CC2=C1,,,,,,,,,1.0,
CN1C(N2CCOC(C3=C(F)C=CC=C3Cl)C2)=NC(C2=NC=NC=C2)=CC1=O,,,,,1.0,,,,,
COC1=C(N)C=CC(C2=CC3=NSC(N4CC(C)OC(C)C4)=C3N=C2)=C1,,,,,,,,,,
COCCN1C=C(C2=C(C3=COC4=CC=CC=C34)C(=O)NC2=O)C2=CC(F)=CC=C21,,,,,1.0,,,,,
OC1=CC=C(NC2=NC(C3=CC=C(Cl)C=C3)=CS2)C=C1,,,,,,,,,,
CC1=C(C(=O)NC2=CN=C(NC3=CC=C(N4CCN(C)CC4)C=C3)N=C2)C=C(NC(=O)C2=CC(C(F)(F)F)=CC=C2)C=C1,,,,,,,1.0,,1.0,
CC1=CC(NC2=C(C)N=C(C#N)C(NC(C)C3=NC=C(F)C=N3)=N2)=NN1,1.0,,,,,,,,,
COC1=C(OC)C=C(C2=C(N=NC3=CC=NC=C3)C(=O)NN2)C=C1,,,,,1.0,,,,,
COC1=CC=CC(C2=C(N=NC3=CC(Cl)=CC=C3)C(=O)NN2)=C1,,,,,1.0,,,,,
O=C(NC1=CC(F)=C(OC2=C3NC=NC3=NC=C2)C=C1)C1=CC=CN(C2=CC=C(F)C=C2)C1=O,0.0,,,,0.0,,,,0.0,
NC1=NC=CC(C2=CNC3=C(Br)C=CC=C23)=N1,,,,,0.0,,,,,
CC(=O)NC(CC1=CC=C(OP(=O)(O)O)C=C1)C(=O)NC(CO)C1=NC(CC2=CC=C(Br)C=C2)=NO1,,,,,,,,0.0,,
O=C(NC1=NN=C(SCC2=CC=CC=C2)S1)C1=CC=C(F)C=C1,,,,,,,,,1.0,
NC1=C2C(C3=CC=C(NC(=O)NC4=C(F)C=CC(C(F)(F)F)=C4)C=C3)=COC2=NC=N1,0.0,,0.0,,0.0,,0.0,0.0,0.0,
CN1CCN(C2=CC=C(N=CC3=C(O)NC(=O)C4=C3C=C(C(=O)N(C)C)C=C4)C=C2)CC1,0.0,,,,,,,,,
CN1CCN(C)CCN2C=C(C3=C(C(=O)NC3=O)C3=CN(CCN(C)CC1)C1=CC=CC=C31)C1=CC=CC=C12,,,,,1.0,,,,,
O=C(NC1=CC(C(F)(F)F)=C(Cl)C=C1)NC1=CC=C(OCCN2CCOCC2)C2=CC=CC=C12,,,,,,0.0,,,,
O=C(NC1=CC=C(OC(F)(F)F)C=C1)C1=CN=C(N2CC(O)C(CO)C2)C(C2=CN=CS2)=C1,,,,,,,,,1.0,
COC1=CC2=C(C=C1)C1=C(N2)C(C)=NC=C1,,,0.0,,0.0,,0.0,,,
O=C(NC1=CC=C(OC(F)(F)F)C=C1)C1=CC(C2=CC(F)=CN=C2)=C(Cl)N=C1,,,,,,,,,1.0,
CN1CCN(C2=NC(C3=CC=NC=N3)=CC(=O)N2C)CC1,,,,,1.0,,,,,
CN1C=C(C2=NC3=C(C=C2)OC=C3C2=CC=CC(C3=CC=NC=C3)=C2)C=N1,,,0.0,,0.0,,,,,
OC1=CC2=CC(C3=CC=NC=C3)=CN=C2C=C1O,,,,,,,0.0,,,
COC1=CC(C2=NN(CCN3CCN(C)CC3)C3=NC=NC(N)=C23)=CC=C1NC(=O)OC(C)(C)C,,,,,,,,,0.0,
CC1CNCC(C(=O)NC2=NC=C(SCC3=NC=C(C(C)(C)C)O3)S2)C1,1.0,,,,,,,,,
O=C(NC1=CC=C(OC(F)(F)Cl)C=C1)C1=CN=C(N2CCC3(CNC3)C2)C(C2=CC=NN2)=C1,,,,,,,,,1.0,
CCC1=CC=C(C(=O)NC2=CC(CN3CCN(C)CC3)=CC(C(F)(F)F)=C2)C=C1C#CC1=CN=C(N)N=C1,,,,,,,,,1.0,
FC1=CC(NC2=NC=CC(C3=C4C=CC=NN4N=C3)=N2)=CC(F)=C1,1.0,,,0.0,1.0,,,,,
CSC1=NC(NCC2=CC=CC=C2)=C2C=NN(CC(Br)C3=CC=CC=C3)C2=N1,,,,,,,,,1.0,
COCC1OC(=O)C(=CN(CCO)C(C)(C)C)C2=C(O)C(=O)C3=C(C(OC(C)=O)CC4(C)C(O)CCC34)C21C,,,,,,,0.0,,,
C=CC(=O)NC1=CC=C(C(=O)N2CCCC(NC3=NC=C(SCC4=CN=C(C(F)(F)F)N=C4)S3)C2)C=C1,0.0,,,,,,,,,
CCCCCCCCCC(=O)OC[C@H](O)[C@H]1OC(=O)C(O)=C1O,,,,,0.0,,,,,
C#CCNC(=O)C1=CC=CC=C1NC1=CC=C2C(/C=C/C3=CC=CC=N3)=NNC2=C1,,,,,,,0.0,,,
CC1(C)SC(C2=NC3=CC=C(O)C=C3S2)=N[C@H]1C(=O)O,,,,,0.0,,,,,
CS(=O)(=O)CC1=CC=CC(NC2=NC=CC(OC3=CC=C4C(C(=O)NC5=CC=CC(F)=C5)=CC=CC4=C3)=N2)=C1,,,,,,,,,0.0,
COC1=CC2=C(C=C1CN(C)C1(C(N)=O)CN(C)C1)C(NC1=C(F)C(Cl)=CC=C1)=NC=N2,,,,,0.0,,0.0,,,
COC1CCN(C2=NC=CC(NC3=NC=C4N=CN(C(C)C)C4=C3)=N2)CC1,0.0,,,,,,,,,
CCN(CC)C1CCN(C(=O)C2=CN=C(NC3=NC=C4C=C5C(=O)NCC6(CCCCC6)N5C4=N3)C=C2)C1,1.0,,,,,,,,,
CC(C)C1=NNC2=C(NCC3=CC=C(C4=CC=CC=N4)C=C3)N=C(NCC(C)(C)O)N=C12,,,,,,,,,,
CCOCCNC1=C2C=NN(CC(Cl)C3=CC=CC=C3)C2=NC(SC)=N1,,,,,,,,,0.0,
NCCCCC(NC(=O)C(CC(=O)O)NC(=O)C(CC(=O)O)NC(=O)C(CC(=O)O)NC(=O)C(CC(=O)O)NC(=O)C(CC(=O)O)NC(=O)C(CC(=O)O)NC(=O)CCCCCCCCOC1=NC2=C(C=CC(C(=O)O)=C2)C2=C1C=CN=C2)C(=O)O,,,,,0.0,,0.0,,,
NC(=O)C1=C2NC3=CC=C(OCCN4CCOCC4)C=C3CCN2N=C1C1=CC=C(OC2=CC=CC=C2)C=C1,,,,,,,1.0,,,
CC(C)OCCCNC1=C(F)C(N)=C2C(=O)C(C(=O)O)=CN(C3CC3)C2=C1F,,,,,1.0,,,,,
O=C(/C=C/C1=CC=C(OCC2=CC=C(F)C=C2F)C=C1)CC(=O)/C=C/C1=CC=C(OCC2=CC=C(F)C=C2F)C=C1,,,,,0.0,,,,,
O=C(N1CCN(C2=NC=NC3=C2C(Cl)=NN3)CC1)C1(C2=CC=C(Cl)C(Cl)=C2)CCNCC1,,,,,0.0,,,,0.0,
C1=CN=C(CCC2=CC=NC=C2)C(C2=NN=C(NCC3=CC4=C(C=C3)OCO4)O2)=C1,,,,,,,,,,
CC1=CN2C(C3=CNN=C3)=CN=C2C(NC2=CC(C(F)(F)F)=C(C(=O)N3CCNCC3)C=C2)=N1,,,,,,,1.0,,,
CC1=C(C2=CC=C3C=C(NC(=O)C4C[C@@H]4F)N=CC3=C2)C=NC([C@@H](O)C(F)(F)F)=C1Cl,,,,,,,,,1.0,
COC1=CC=C(N2S/C(=N/CC3=CC=CN=C3)N=C2C2=CC=CC=C2)C=C1,,,,,0.0,,,,,
O=C(NCCO)C1=CC2=C(N=CN=C2NC2=CC=C(OC3=CC=CC4=C3C=CS4)C(Cl)=C2)NCC1,,,,,0.0,,0.0,0.0,,
CC1=C(C2=NC=C3C=C(NC(=O)C4CC4)N=CC3=C2)C=NC=C1,,,,,,,,,1.0,
CC1=NN2N=C(C3=CC=CC(C(F)(F)F)=C3)C(C3=CC=NC(NC4=CC=C(F)C(F)=C4)=N3)=C2C=C1,0.0,,,,0.0,,,,,
ClC1=CC=CC(CNC2=NC=NC3=C2C=NN3CC(Cl)C2=CC=C(Br)C=C2)=C1,,,,,,,,,1.0,
O=C(NC1=CC=CC(C2=C3NC=NC3=NC=N2)=C1)C1=C(F)N=CC=C1,,,,,,,,,0.0,
O=C1NC(=O)/C(=C/C2=CC3=CC=CC=C3N=C2Cl)S1,,,,,0.0,,,,,
FC1=CC=CC=C1C1=NC2=C(Cl)C=NN2C(NCC2=CC=CN=C2)=C1,1.0,,,,,,,,,
O=[N+]([O-])C1=CN=C(NC2CCC(O)CC2)N=C1NC12CC3CC(CC(O)(C3)C1)C2,,,1.0,,1.0,,,,,
N#CC1=CC(NC2=NC(N3CCC(F)(F)C3)=CC(C3CCN(C4COC4)CC3)=C2)=NC=C1,,,,,,,,,,
CC(C)N1N=C(C2=CC(O)=C(N)C=C2)C2=C(N)N=CN=C21,,,,,,,,,1.0,
CC1=CC=CC=C1N1CCN(CCCNC(=O)C2=NC(C3=CN=CC=C3)=NO2)CC1,,,,,1.0,,,,,
CCSC1=CN2C(C3=NC(NC4=CC=C(S(=O)(=O)NCCOC)C=C4)=NC=C3)=CN=C2C=C1,1.0,,,,,,,,,
O=C(N[C@@H](CC1=CC=C(O)C=C1)C(=O)O)C1=CC(C(=O)O)=C2C=C(C3=CC=CC(C(F)(F)F)=C3)C=CC2=N1,0.0,,,,,,,,,
O=C(NC1=CC=CC(C(F)(F)F)=C1)NC1COC2C(NC3=NC=CC(C4=CC=CS4)=N3)COC12,,,,,0.0,,,,,
CN1C=C(C2=CC=C(F)C(C(F)(F)F)=C2)N=C1C1CCN(C2=NC=NC3=C2C=NN3)CC1,0.0,,0.0,,0.0,,0.0,,0.0,
CC1=CC(S(=O)(=O)N2CCN(C)CC2)=C(C)C=C1C1=CN=C(N)C(C(=O)NC2=CC=CN=C2)=N1,,,,,1.0,,,,,
CC1=CC(C2=CC(C(=O)N3CCC4=C(C3)NC3=CC=CC=C43)=CC=C2)=CC=C1,0.0,,,,,,,,,
N#CC1=C(C2=CC(C(=O)NC3=CC=C(OC(F)(F)Cl)C=C3)=CN=C2N2CCC(O)C2)C=C(F)C=N1,,,,,,,,,1.0,
CC(=O)N1CCC2=C(C=C(C=C3C(=O)NC4=CC=C([N+](=O)[O-])C=C34)N2)C1,,,,,,,0.0,,,
O=C(NC1=CC=C(N2CCNCC2)C=C1)C1=C(NC2=C3C=CSC3=NC(Cl)=N2)C=NN1,,,,,,,,,,
O=C(NC1=NC=C2C=C(OC3CCCCC3O)C=CC2=C1)C1CC1,,,,,,,,,1.0,
CC(=O)NC1=NC(C2=CC=C(Br)S2)=CS1,,,,,,,,,0.0,
O=C(C1=CC(NC2=NC=NC3=CC=CC=C23)=CC=C1)N1CCN(C2=NC=C(CC3=CC=CC=C3)C=N2)CC1,,,,,,,,,0.0,
NC1=C(N=CC2=CC(NC(=O)C3CC3)=NC=C2)C(C2=CC(F)=CC=C2)=CC=N1,,,,,1.0,,,,,
CC1=CN2C(C3=CNN=C3)=CN=C2C(NC2=CC(Cl)=C(C(=O)N3CCCNCC3)C=C2)=N1,,,,,,,1.0,,,
CCCC(=O)OC1=CC=C2NC(C(=O)C3=CC4=CC=CC=C4N3)=CC2=C1,,,,,,,,,,
CCN1C(C2=NON=C2N)=NC2=CN=CC(C(=O)N3CCNCC3)=C21,0.0,,0.0,,0.0,,0.0,0.0,0.0,
FC1=CC=C(C2=C(C3=CC=NC=C3)N=C3SCCN32)C=C1,0.0,,0.0,,0.0,,0.0,0.0,0.0,
CCOC(=O)N=S(C)(=O)C1=CC=C(NC2=NC=C(Br)C(N[C@@H](COC)[C@H](C)O)=N2)C=C1,1.0,,,,,,,,,
C1=NC=CC(C2=C3N=CC(C4=CC=C(OCCN5CCCCC5)C=C4)=CN3N=C2)=C1,,,,,,,1.0,,0.0,0.0
CN1CCN(C2=CC=C(C3=C4N=CC(C5=CC=C(NC(=O)OC6=CC=CC=C6)C=C5)=C(N)N4N=C3)C=C2)CC1,,,,,,,1.0,,,
CCN1C=NC2=C(NC3=CC=CC(Cl)=C3)N=C(N[C@@H]3CCCC[C@@H]3N)N=C21,,,,,,,0.0,,0.0,
CCOC1=CC=C(S(=O)(=O)N2CCCNCC2)C=C1C1=NN=C2C(=N1)C(C)=NN2C,,,,,,,,,0.0,
COC1=CC(OC)=C(N(C(=O)OC2=C(C)C=CC=C2C)C2=NC(NC3=CC(OC)=C(OCCN4CCN(C)CC4)C(OC)=C3)=NC=C2)C=C1,,,,,,,1.0,,,
CCN(CCO)C1=C(C2=CC(F)=CN=C2)C=C(C(=O)NC2=CC=C(OC(F)(F)F)C=C2)C=N1,,,,,,,,,1.0,
O=C1N(C2CCOCC2)N=C(C2=CC(NC3CCCCC3)=NC=C2)N1C1=CC2=CC=CC=C2C=C1,,,,,0.0,,0.0,,0.0,
OCCC(NC1=NC=NC2=C1C=C(C1=CC=CC=C1)N2)C1=CC=CC=C1,,,,,0.0,,0.0,,0.0,
C[C@H](C1=CC=CC=C1)N1C2=CC(N3C(=O)NC4=NC=CC=C43)=CC=C2C(=O)NC1(C)C,,,,,0.0,,,,,
CN(C)CCCN1C=C(C2=C(N3C=CC4=C3C=CC=N4)C(=O)NC2=O)C2=C1C=C(Br)C=C2,,,,,0.0,,,,,
O=C(C1=CC=CC=C1C1=CC=CC=C1F)N1CCC2=C(C1)NC1=CC=CC=C21,0.0,,,,,,,,,
OC1=C(O)C=C(C2=C3N=CC(C4=CC=C(OCCN5CCOCC5)C=C4)=CN3N=C2)C=C1,,,,,,,1.0,,,
CC1=C(C2=CC3=CN=C(NC(=O)C4(F)CC4)C=C3C=C2)C=C(F)C=C1,,,,,,,,,1.0,
COC1=CC=C(N2C=NC3=CC(C(=O)CBr)=CC=C32)C=C1,,,,,1.0,,,,,
CC(C)N1C=NN=C1C1=NC(NC(=O)C2CCCCO2)=CC=C1,0.0,,,,,,,,,
O=C1NC2=CC=C(I)C=C2/C1=C\C1=CC(Br)=C(O)C(Br)=C1,,,,,,,,,,
COC1=CC=CC(C2=C(N=NC3=CC=C(C(=O)O)C=C3)C(=O)NN2)=C1,,,,,1.0,,,,,
CC1=CC(F)=C(F)C=C1C1=CC2=CN=C(NC(=O)C3CC3)C=C2C=C1,,,,,,,,,1.0,
CC(=O)N1CCN(CC2=CN=C(NC3=NC=C4C=C(C(=O)N(C)C)N(C5CCCC5)C4=N3)C=C2)CC1,0.0,,,,,,,,,
CCNC(=O)C1=NC=C2C(NC3=C(C)C=CC=C3Cl)=NC3=C(C=CC(OC)=C3OC)N12,,,,,,,1.0,,,
CC1=CC=CC=C1OCC(=O)NC1=CC=C(OC2=CC3=C(C=C2)C(=O)NC3=O)C=C1,,,0.0,,,,,,,
O=C(NC1=NNC2=NC(C3=CC=CO3)=C(Br)C=C12)C1CC1,0.0,,1.0,,1.0,,0.0,0.0,0.0,
CN(CC1=C(Cl)C=CC=C1Cl)C1=CC=C(C2=C(C(N)=O)C(N)=C(C(=O)C3=C(F)C=CC=C3F)N2)C=C1,,,,,,,1.0,,,
CC1=CN=CC=C1C1=CC=C2C=C(NC(=O)C3CC3)N=CC2=C1,,,,,,,,,1.0,
C(=NNC1=C2C=NN(C3=CC=CC(NCC4CC4)=C3)C2=NC=N1)C1=CC=NC=C1,,,,,0.0,,,,,
CCOC1=C(C(=O)NC2=CC(F)=C(OC3=C(Cl)C(N)=NC=C3)C=C2)C(=O)N(C2=CC=C(F)C=C2)C=C1,,,,,0.0,,1.0,,0.0,
CSC1=CC=CC=C1NC1=NC(N2CC3(CNC3)C2)=NC2=C1N=CN=C2NCC1CC1,,,,,0.0,,,,0.0,
OC1=C(C2=NC3=CC=CC=C3C2=NOCCN2CCCC2)C2=CC=C(Br)C=C2N1,,,,,,,,,1.0,
COC1=CC=CC=C1C(=O)NC1=CC=CC(C2=NC=NC3=C2N=CN3)=C1,,,,,,,,,0.0,
C1=CC=C(N2S/C(=N/CC3=CC=CN=C3)N=C2C2=CC=CC3=CC=CC=C23)C=C1,,,,,1.0,,,,,
CCOC(=O)C(=O)C(N=NC1=CC=CC=C1)=C(O)C1=CC=C(Cl)C=C1,,,0.0,,0.0,,,,,
COC1=CC2=NC=C(C3=CC=NC=C3)C=C2C(OC)=C1OC,,,,,,,0.0,,,
CN1C=C(C2=CC3=C(C=CC(NC(=O)NC(C)(C)C)=N3)N=C2)C=N1,,,,,,,,,0.0,
OCC(NC1=C2C=C(C3=CC=C(O)C=C3)SC2=NC=N1)C1=CC=CC=C1,,,0.0,,0.0,,0.0,,0.0,
CCCC(=O)NC1=NNC2=CC(C3=CC=C(OCC4=CC=CC=C4)C=C3)=CC=C12,,,,,0.0,,,,,
CC1C2=C(C3=CC=C(O)C=C3)C(C3=CC=CC=C3C#N)=NN2CC1(C)C,,,,,,0.0,,,,
CCN1CCN(CCC2=CC=C(NC3=NC(C4=CN=CC(OC)=N4)=CC4=C3C(=O)NC=C4)C=C2)CC1,,,,,,,,1.0,,
NC(=O)C1=CC(F)=CC2=C1C(=O)N(C1CCN(C3CCC(F)(F)CC3)CC1)C2,,,,,0.0,,0.0,0.0,0.0,
CC1=CC(Cl)=CC=C1C1=CC=C2C=C(NC(=O)C3CC3)N=CC2=C1,,,,,,,,,1.0,
CC(=O)C1=CC(NC2=NC(C3=C(C)N=C(NC(=O)OC(C)(C)C)S3)=CS2)=CC=C1,,,,,,,,,,
CC1=CN=C(C(=O)NC2=CC=CC(OC3=CC=C4C(/C=C/C5=CC=CC=C5)=NNC4=C3)=C2)S1,,,,,,,0.0,,,
COC1=CC(C2=NN(C3CCN(C4CCOCC4)CC3)C3=NC=NC(N)=C23)=CC=C1NC(=O)C1=CC=CC(O)=C1,,,,,,,0.0,,,
O=C(C=CC1=CC=C(C2=CC3=C(C=C2)N=CN=C3NC2=CC(Cl)=C(OCC3=CC(F)=CC=C3)C=C2)S1)NO,1.0,,,,,,,,0.0,
COC1=CC(NC2=C(C(N)=O)C3=NN=CN3C(NCCCN)=N2)=CC(OC)=C1,,,,,,,,0.0,,
NC(CNC(=O)C1=CC2=C(C=C1)C=NC=C2)CC1=CC=C(C(F)(F)F)C=C1,0.0,,,,,,,,,
FC1=CC=C(CN2C=NC3=C2N=CN=C3SC2=CC=C(F)C=C2)C=C1,,,,,0.0,,0.0,,,
NS(=O)(=O)C1=CC=CC(NC2=NC=CC(C3=CC(N4CC5CCC(C4)O5)=NC=C3)=N2)=C1,1.0,,,,,,,,,
CC1=CC(=O)N(NC2=C3C(C)=C(C)SC3=NC(C3=CC=CS3)=N2)C1=O,,,,,,,,,0.0,
N#CCC(=O)NC1=CC(C2=CC(Cl)=C(Cl)C=C2)=CS1,,,,,,,,,0.0,
CNC(=O)C1=NN(C)C2=C1C(C)(C)CC1=CN=C(NC3=CC=C(CN4CCN(C)CC4)C=C3)N=C12,1.0,,,,,,,,,
CNC1CCN(C2=NC=C(C(=O)NC3=CC=C(OC(F)(F)F)C=C3)C=C2C2=CN=CN=C2)C1,,,,,,,,,1.0,
COC1=CC(NC2=C(C(N)=O)C3=NC=CN3C(N[C@H]3CCCC[C@@H]3N)=N2)=CC(OC)=C1,,,,,,,,0.0,,
COC1=CC=C(C2=CC=C(/C=C3\SC(=S)NC3=O)O2)C([N+](=O)[O-])=C1,,,,,0.0,,,,,
O=C(C1=CC(NC(=O)C2CC2C2=CC=CC=C2)=CC=C1)C1=CC2=C(C=C1)C(C=CC1=CC=CC=N1)=NN2,,,,,,,0.0,,,
COC1=CC=C(CNC(=O)NC2=NC=CC(C3=C(F)N=CC=C3)=C2)C=C1,,,,,1.0,,,,,
CC1=C(C#CC2=CC3=C(C4=CC=CC=C4)NN=C3N=C2)C=C(C(=O)NC2=CC(C(F)(F)F)=C(CN3CCN(C)CC3)C=C2)C=C1,,,,,,,,,1.0,
CC(C)(C)C1=CC2=C(C=C1)NC1=C2CC(=O)N(CC2=CC=CC=C2)C2=CC=CC=C21,,,,,0.0,,,,,
COC1=C(OC)C2=C(C=C1)N1C(C)=NC=C1C(NC1=C(C)C=CC=C1Cl)=N2,,,,,,,1.0,,,
CC1=CC(/C=C2/C(=O)NN(C3=CC=CC=C3)C2=O)=C(C)N1C1=CC=CC(O)=C1,,,,,,,,0.0,,
CN1C=C(C2=C(C3=CN(C4CCN(CC5=CC=CC=N5)CC4)C4=CC=CC=C34)C(=O)NC2=O)C2=CC=CC=C21,0.0,,1.0,,1.0,,0.0,0.0,0.0,
OC1=CC=CC(C=CC2=CC(O)=C(O)C=C2)=C1,,,,,,,0.0,,,
COC1=CC=CC(COC2=CC(N)=NC3=C2C(C2=CC=NC=C2)=C(C2=CC=C(F)C=C2)N3)=C1,,,,,,,,,,
CC1=CC(C(=O)NN2C(CC3CCCCC3)=NC3=C(NN=C3C3=CC=C(Cl)C=C3)C2=O)=CC=C1,,,,,0.0,,,,,
NCCC(=O)NC1=NC2=C(C=C(C(=O)C3=CC=CC=C3)C=C2)N1,,,,,,,,,1.0,
CCOC1=CC=C(/C=C2/SC(=O)N(CCN)C2=O)C=C1,,,,,,,,,,
CC(C)[C@@H]1NC2=CC=CN=C2NC1=O,,,,,0.0,,,,,
CCN1CCC(CC(=O)NC2=NNC3=NC(C4=CC=CS4)=C(Br)C=C23)CC1,0.0,,1.0,,0.0,,0.0,0.0,0.0,
N#CC1=CC2=C(C=C1)N=C(NC1=CC=C(C3=CC=CC=C3)C=C1)N2,,,,,0.0,,,,,
O=C(NC1=NNC2=C1C=CC(C1=CC(F)=C(F)C=C1)=C2)C1CC1,0.0,,0.0,,,,,,,
COC1=C2OC(C=CC3=CC=C(Cl)C=C3)=C(CN3CCOCC3)C(=O)C2=C(OC)C2=C1OC=C2,,,,,0.0,,,,,
COC1=CC(Cl)=CC(C2=NN(C3=CC=CC(NC(=O)NC4=CC(C(F)(F)F)=CC(C(F)(F)F)=C4)=C3)C=C2C2=CC=NC=C2)=C1,,,,,,,,,0.0,
CCOC(=O)CCC1=C(C=C2C(=O)NC3=CC=C(NS(=O)(=O)C4=CC=CC=C4)C=C23)NC2=C1C(=O)CCC2,,,,,0.0,,0.0,,0.0,
COC1=CC=C(N(C(=O)OC2=C(C)C=CC=C2C)C2=CC=NC(NC3=CC=C(OCCCN(C)C)C=C3)=N2)C(OC)=C1,,,,,,,1.0,,,
CSC1=NC(N2CCOCC2)=C2C=NN(CC(Cl)C3=CC=C(F)C=C3)C2=N1,,,,,,,,,1.0,
NS(=O)(=O)C1=CC=C(N=CC2=C(O)NC3=C2C=CC(CO)=C3)C=C1,1.0,,,,,,,,,
CC1=CC(C2=C(O)C=CC=C2Cl)=CC2=C1N=C(NC1=CC=C(S(=O)(=O)NCCN3CCCC3)C=C1)N=N2,,,,,,,,,1.0,
NC1=NON=C1N1N=NC(C(=O)NN=CC2=CC=NC=C2)=C1CN1CCCCC1,,,,,1.0,,,,,
COC1=C(C(=O)O)C=CC(NC2=NC=C3CN=C(C4=C(OC)C=CC=C4F)C4=C(C=CC(Cl)=C4)C3=N2)=C1,,,,,,,1.0,,,
CC(=O)NCC(=O)N1CCC(NC2=NC=C(Cl)C(C3=CNC4=CC=CC=C34)=N2)CC1,1.0,,,,,,,,,
NC(CNC1=NC=C(C2=CC3=C(C=C2)NC(=O)C3)S1)CC1=CC=C(C(F)(F)F)C=C1,1.0,,,,,,,,,
COC(=O)C1=CC2=C(C=C1)N=C(NC1=C(C)C=CC=C1Cl)C1=CN=CN12,,,,,,,1.0,,,
CC(C)OC1=C(C(N)=O)C=CC(C2=CC(C3=CN(C4COC4)N=C3)=CN=C2)=C1,,,,,,,,,,
CN1C(N2CCNC(C3=CC=C(Cl)C=C3)C2)=NC(C2=CC=NC=N2)=CC1=O,,,,,1.0,,,,,
O=C1NN=C(C2=CNC(C3=CC=CC=C3)=C2C2=CC=CC=C2)C2=CN(C3=CC=C(Cl)C=C3)N=C12,,,,,,,0.0,,0.0,
O=C(NC1=C(C2=NC3=C(C=C(CN4CCOCC4)C=C3)N2)NN=C1)NC1=C(F)C=CC=C1F,1.0,,,,,,,,,
CCN(CCCOC1=CC2=C(C=C1)C(NC1=NNC(CC(=O)NC3=CC(F)=CC=C3)=C1)=NC=N2)CCOP(=O)(O)O,,,,,,,,,,
COC1=CC=C(NC2=NN=C(C3=CC=C(C(F)(F)F)C=C3)O2)C=C1,,,,,1.0,,,,,
CC1=C(C2=C3N=CC(Cl)=CN3N=C2)C=C(C(=O)NC2C(N)CCCC2(F)F)S1,1.0,,1.0,,1.0,,0.0,0.0,0.0,
CC1=C(C2=NC(C3=C(C)C=CN=C3)=C3C=C(NC(=O)C4CC4)N=CC3=C2)C=C(F)C=C1,,,,,,,,,1.0,
CCOC(=O)C1=C(C)NC(/C=C2\C(=O)NC3=CC=CC=C23)=C1C,,,,,,,,,,
CS(=O)(CC1=CC(NC2=NC=C(F)C(C3=CC=C(F)C=C3OCC3=CC=CC=C3)=N2)=CC=C1)=NC#N,0.0,,,,,,,,,
CC1=C(C=CN2C=NC3=C(NC4=CC=C(P(C)(C)=O)C=C4)N=C(N4CCCC4)N=C32)C(C)=CC=C1,,,,,,,,,1.0,
COC1=C(N)C=CC(C2=C3NC=NC3=NC(NC3=CC(NC(=O)N4CCCC4)=CC=C3)=N2)=C1,0.0,,,,,,,,,
CCCC(=O)NC1=NNC2=CC(C3=CC=C(C(F)(F)F)C=C3)=CC=C12,,,,,0.0,,,,,
NC1=C(F)C(NCCNC2=CC=CC=N2)=C(F)C2=C1C(=O)C(C(=O)O)=CN2C1CC1,,,,,1.0,,,,,
C(=C/C1=NC2=C(N3CCCC3)N=CN=C2N1)\C1=CC=CC=C1,,,1.0,,,,,,,
COC1=CC(OC)=CC(NC2=C(C(N)=O)C3=NC=CN3C(NCC3=CC=NC=C3)=N2)=C1,,,,,,,,1.0,,
COC1=CC=CC=C1NC1=CC2=C(C=N1)C=C(C1=CNN=C1)N2,,,,,0.0,,,,,
C[C@@H](CNC(=O)C1=CC=C(CN2CCN(C)CC2)C=C1)CC1=CC=C2C=C(NC(=O)C3CC3)N=CC2=C1,,,,,,,,,1.0,
CCC(=O)NC1=CC=C(C2=CNC3=NC=NC(N[C@H](C)C4=CC=CC=C4)=C23)C=C1,,,0.0,,0.0,,0.0,,0.0,
C1=CC=C(SC2=C3C=CN=C3N=CN2)C=C1,,,,,0.0,,,,,
CC1CN(CC2=CC=C(NC3=NC=C4C=C(C(=O)N(C)C)N(C5CCCC5)C4=N3)N=C2)CCN1,0.0,,,,,,,,,
N#CC1=CC(C2=NC3=C(C=C(Cl)C=C3)C(NC3=NNC(C4CC4)=C3)=N2)=CC=C1,,,,,0.0,,,,,
NC1=NC=NC2=C1C(C1=CC=C3C=CC=CC3=C1)=NN2CC1CCNCC1,,,,,,,,,0.0,
CCCCCC(=O)N(CC(=O)N(CC(=O)N(CCCC1=CC=CC=C1)CC(=O)N(CC(N)=O)CC(C)C)CC(C)C)CC1=CC=C(CP(=O)(O)O)C=C1,,,,,,,0.0,0.0,,
CCN1CCN(CC2=C(C(F)(F)F)C=C(NC(=O)CNC3=CC=C(C4=CN=C(NC(C)=O)C=C4)C=C3)C=C2)CC1,,,,,,,,,1.0,
C1=NC=CC(C2=CN(CCCN3CCOCC3)C3=C2C=CN=C3)=C1,,,,,0.0,,,,,
CC1=CC=CC(Cl)=C1NC(=O)C1=CN=C(NC2=CC=CC=N2)S1,,,,,,,1.0,,,
CN(C1=CC=CC(NC(=O)C2=CC=CC(C(F)(F)F)=C2)=C1)C1=CC=C2C(/C=C/C3=CC=C4OCOC4=C3)=NNC2=C1,,,,,,,0.0,,,
N=C(N)NC1=CC=C(CC2=CC=CC(NC(=N)NC3=CC=CC=C3)=C2)C=C1,,,,,0.0,,,,,
NS(=O)(=O)C1=CC=C(NC2=NNC(C3=CC(NC(=O)NC4=C(F)C=CC(C(F)(F)F)=C4)=CC=C3)=C2)C=C1,1.0,,,,,,,,,
COC1=CC=CC2=C1C(OC)=C([N+](=O)[O-])C1=C2C2=C(C=C1C(=O)O)OCO2,0.0,,,,,,,,,
C[C@H]1COC2=C3C(=C(N)C(F)=C2NCCCC2=CC=CC=N2)C(=O)C(C(=O)O)=CN31,0.0,,1.0,,1.0,,,,,
COC1=CC(C2=C(C3=CN(CCCN)C4=CC=CC=C34)C(=O)NC2=O)=CC(OC)=C1OC,,,,,1.0,,,,,
CC1=CC(C)=C(NC(=O)C2=C(C)N=C(NC(=O)C3=COC=C3)S2)C(C)=C1,,,,,,,0.0,,,
CC(C)=CCNC1=NC=NC2=C1N=CN2,0.0,,,,,,,,,
CC(C)N1N=C(C2=CC3=C(C=C2)NC=C3)C2=C(N)N=CN=C21,,,,,,,,,1.0,
CC1=C(C2=CC3=CN=C(NC(=O)CN(C)C)C=C3C=C2)C=C(F)C=C1,,,,,,,,,1.0,
O=[N+]([O-])C1=CC=C(CN2C=C(COC3=CC=CC4=CN=C(NC5=CC(Cl)=CC=C5)N=C34)N=N2)C=C1,,,,,,,,,,
O=C(NC1=CC=CC(C(F)(F)F)=C1)C1=NSC=C1NCC1=CC=CC=N1,0.0,,,,0.0,,,,,
COC1=C(NC2=NC=C(Cl)C(OC3=CC=CC(NC(=O)CCO)=C3)=N2)C=CC(N2CCN(C)CC2)=C1,,,,,,0.0,,,,
CCCCC(=O)NC1=NNC2=NN=C(C3=CC=CC=C3)C=C12,,,1.0,,,,,,,
CC(C)(C)OC(=O)N1CCC(N2N=CC3=C2N=C(C2=CC=C(N)C=C2)N=C3N2CCOCC2)CC1,0.0,,,,,,,,0.0,
CN1CCN(CC2=CC=C(NC(=O)C3=CC(C4=CC=C5OCOC5=C4)=CN=C3O)C=C2)CC1,,,,,,,,,0.0,
CCNC(=O)NC1=NC=CC2=NC(C3=CC=CC=C3)=CN=C12,,,,,,,,,0.0,
CS(=O)C1=CC=C(C2=COC3=C2C=C(C2=NNC(=S)O2)C=C3)C=C1,,,,,1.0,,,,,
CC1=CC=C(C(=O)NC2=CC=C(CN3CCN(C)CC3)C(C(F)(F)F)=C2)C=C1C#CC1=CN=C(C(N)=O)N1C,,,,,,,,,1.0,
C#CC1=CC(NC2=NC=NC3=CC4=C(C=C23)OCCOCCOCCO4)=CC=C1,,,,,,,,,,
CC(C)(O)C1CCN(CC2=NC3=C(C=C2)N=C(C2=C(F)C=CC4=C2C=CN4)N=C3N2CCOCC2)CC1,,,0.0,,0.0,,0.0,0.0,0.0,
C1=NC(OC2CCCCC2)=C2C=CNC2=N1,,,,,,,0.0,,,
CC1=C(C2=CC3=CN=C(N)C=C3C=C2)C=C(C(=O)NC2CCC2)C=N1,,,,,,,,,1.0,
CC1=C(C2=CC3=CN=C(NC(=O)C4CC4)C=C3C=C2)C=[N+]([O-])C=C1,,,,,,,,,1.0,
O=C(NC1=NC=C2C=C(N3CCNCC3)C=CC2=C1)C1CC1,,,,,,,,,1.0,
O=C1NC(O)=C(C=NCC2=CC=C(O)C=C2)C2=CC=CC=C12,0.0,,,,,,,,,
O=C1NC(=O)C(=CC2=CC(C(F)(F)F)=CC=C2)S1,0.0,,,,0.0,,0.0,,0.0,
CC1=CC=C(C(=O)NC2=CC(C(C)(C)C)=NN2C)C=C1/C=C/N1C=NC2=C(NC3CC3)N=CN=C21,,,,,,,,,0.0,
CC(=O)NC1=CC(OC2=CC3=C(C=C2)C(C=CC2=CC=CC=C2)=NN3)=CC=C1,,,,,,,0.0,,,
CC1=NN(C)C2=NN=C(NC3=CC=C(S(=O)(=O)NCCO)C=C3)N=C12,,,,,,,,,0.0,
CCCNC1=C2C=NN(CC(Cl)C3=CC=CC=C3)C2=NC(SCCN2CCOCC2)=N1,,,,,,,,,1.0,
COC1=CC(OC)=CC(NC2=C(C(N)=O)C3=NC=CN3C(NCC3=CC=C(CC(=O)O)C=C3)=N2)=C1,,,,,,,,1.0,,
C[C@@H]1OCCN(C2=NC(C3=CC=NC=C3F)=CC(=O)N2C)[C@H]1C,,,,,1.0,,,,,
CN1C(N2CCNC(C3=CC=CC(Br)=C3)C2)=NC(C2=CC=NC=N2)=CC1=O,,,,,1.0,,,,,
CN(C)CCNC1=CN=CC(C2=CC=C3NC=C(C4=CC=C(N)C(C#N)=C4)C3=C2)=N1,,,,,1.0,,,,,
NC(=O)C1=C(C2=CC=C(OC3=CC=CC=C3)C=C2)NC(C(=O)C2=CC=CC=C2Cl)=C1N,,,,,,,1.0,,,
COC1=CC=C(C2=C(C(=O)NCC3CCC(C(=O)N(C)C)CC3)N=CO2)C=C1,,,,,1.0,,,,,
O=C(O)C1=COC(CN2CCC(CNC(=O)C3=NNC4=C3C=C(C3=C(F)C(F)=CC=C3)C=C4)CC2)=N1,,,,,1.0,,,,,
O=C(NC1=CC=C(OC(F)(F)F)C=C1)C1=CN=C(N2CCC(F)(F)C2)C(C2=CN=CN=C2)=C1,,,,,,,,,1.0,
COC1=C(O)C=CC(C=NNC2=C3C=NN(C4=CC=CC=C4)C3=NC(Cl)=N2)=C1,,,,,0.0,,,,,
COC1=C(NC(=O)C2=CC3=CC=CC=C3N2C)C=CC(C2=CSC3=C2C(N)=NC=C3C(=O)N2CCN(C)CC2)=C1,,,,,,,0.0,,,
N#CC1=C(C2=CC3=CN=C(NC(=O)C4CC4)C=C3C=C2)C=C(F)C=C1,,,,,,,,,1.0,
O=C1NC2=CC=CC=C2C1=CC1=CC=C(O)C=C1,,,,,,,,,0.0,
CC1=NC(C2=CC(NC(=O)CCN3C=NN=N3)=NC=C2)=C(C2=CC=C(F)C=C2)N1,,,,,1.0,,,,,
COC1=CC=C(C2=NOC(CN3CCN(C4=NC=NC(NC5=CC(O)=CC=C5)=C4)CC3)=N2)C=C1,0.0,,,,,,0.0,0.0,0.0,
COC1=CC(CO)=CC=C1C1=CC2=C(N[C@H](C)C3=CC=CC=C3)N=CN=C2S1,,,,,0.0,,0.0,,0.0,
O=C1C2=C(N=C(NN=CC3=CC=C(F)C=C3)N1C1=CC=CC=C1)N(C1=CC=CC=C1)N=C2,,,,,,,,,0.0,
COC1=CC=CC(NC2=NC=CC(C3=CNN4C=CC=CC34)=N2)=C1,,,,,1.0,,,,,
N=C(N)NC1=CC=CC(OC2=CC=C(NC(=N)NC3=CC=CC=C3)C=C2)=C1,,,,,0.0,,,,,
CC1=C(C2=CC3=CN=C(NC(=O)C4CC4)C=C3C=C2)C=C(C(N)=O)C=C1,,,,,,,,,1.0,
CN1N=CC(NC(=O)C2=C(N)SC(C3=C(F)C=CC=C3F)=N2)=C1N1CC[C@@H](N)[C@H](F)CC1,,,,,0.0,,,,,
CC1=CC(CO)=CC(NC2=CC3=CC=C(C4=CC(F)=CC=C4C)C=C3C=N2)=N1,,,,,,,,,1.0,
O=C(CC1=CC=CC(OCCCN2CCNCC2)=C1)NC1=NC(C2=CC=NC=C2)=CS1,0.0,,,,0.0,,0.0,0.0,0.0,
O=C1CC(C2=CC=CC=C2)SC2=CC=CC=C2N1CC1=CC=CC=C1F,,,,,0.0,,,,,
CCNC(=O)NC1=C2C=C(C3=CC=CC=C3)C=NC2=NN1,,,0.0,,0.0,,,,,
O=C(NC1=CC=CC2=C1C(=O)C1=C(C3=CC=C(C(=O)N4CCNCC4)S3)NN=C21)NN1CCOCC1,1.0,,,,,,,,,
CN1C=NC2=C(F)C(NC3=CC=C(Br)C=C3Cl)=C(C(=O)NOCCO)C=C21,0.0,,0.0,,0.0,,0.0,,0.0,
CC1=CC=CC(C2=CC=CC=C2C(=O)N2CCC3=C(C2)NC2=CC=CC=C32)=C1,0.0,,,,,,,,,
ClC1=CC=C(CNC2=NC=CC(C3=CC=C4NN=CC4=C3)=N2)C=C1Cl,,,,,0.0,,,,,
COC[C@@H](C)OC1=CC=C2C=C(NC(=O)C3CC3)N=CC2=C1,,,,,,,,,1.0,
O=C(NC1=CC(F)=C(OC(F)(F)F)C=C1)C1=CN=C(N2CCC(CO)C2)C(C2=CC(F)=CN=C2)=C1,,,,,,,,,1.0,
NC1=NC=C(C2=NC=NC3=C2CCCC3)N=C1C(=O)NC1=NC=CC=C1N1CCC(N)CC1,,,,,0.0,,,,,
CC(C)OC1=NNC(N2C=NC3=C2N=C(NC(C)C2=NC=C(F)C=C2)C=C3)=C1,,,,,,,1.0,,1.0,
CC1=CC=CC(Cl)=C1NC1=NC2=CC=CC(OCC3=CC=CC=C3)=C2N2C=NC=C12,,,,,,,1.0,,,
COC1=CC=C(NC2=NN=C(C3=CC=CN=C3CCC3=CC=NC=C3)O2)C=C1OC,,,,,,,,,,
CC1=C(NC2=NC=CC(C3=CN=CC=C3)=N2)C=C(NC(=O)NC2=CC=CC3=C2C=NN3)C=C1,,,,,,,,,,
COC(=O)C1=C(NC2=CC=CC=C2Cl)O/C(=C\C2=CNC3=NC=CC=C23)C1=O,,,1.0,,1.0,,0.0,,0.0,
C[C@@H](NC(=O)C1=CNC2=NC=C(C3=NN(C)C4=CC(Cl)=CC=C34)N=C12)C(=O)N1CC(C#N)C1,0.0,,,,0.0,,0.0,,0.0,
COC1=CC(O)=C2C(=O)O[C@@H](C)C/C=C/C(=O)CCCCCC2=C1,,,0.0,,,,,,,
CN(C)CC=CC(=O)N1CCC(C(=O)NC2=NC=C(SCC3=NC=C(C(C)(C)C)O3)S2)CC1,1.0,,,,,,,,,
COC1=CC=CC=C1[C@H]1CN(C2=NC(C3=CC=NC=N3)=CC(=O)N2C)CCO1,,,,,1.0,,,,,
C[C@H]1CN(C)CCN1C1=NC(C2=CC=NC=N2)=CC(=O)N1C,,,,,0.0,,,,,
O=C1NC(=O)C(C2=CN=C3C=CC=NN23)=C1C1=CN2CCN(C(=O)N3CCCCC3)CC3=C2C1=CC=C3,,,,,1.0,,,,,
CC1=CC(C(=O)N2CCC(OC3=C(C)C=CC(NC(=O)C4=CC(C(F)(F)F)=C(CN5CCN(C)CC5)C=C4)=C3)CC2)=CN=C1,,,,,,,,,1.0,
CCOC1=CC=C(NC2=NC=C3C=C(C4=C(Cl)C=CC=C4Cl)C(=O)N(C)C3=N2)C=C1,,,,,,,1.0,,,
COCCC1=CC=CC2=C1N(CCOC)C=C2C1=C(C2=COC3=CC=CC=C23)C(=O)NC1=O,,,,,1.0,,,,,
CCNC1=CC2=C(C=C1)N=C(NC1=C(C)C=CC=C1Cl)C1=CN=CN12,,,,,,,1.0,,,
O=C(NC1=NNC2=NC(C3=NC=CS3)=C(Br)C=C12)C1CC1,0.0,,1.0,,1.0,,,,,
CC1=C(NC2=NC=CC(C3=CN=CC=C3)=N2)C=C(NC(=O)N(C)CCCO)C=C1,,,,,,,,,0.0,
CCCC(=O)NC1=NNC2=CC(C3=CC=CC(O)=C3)=CC=C12,,,,,1.0,,,,,
CC1=CC(C)=NC(NC2=NC=C(C(=O)NC3=C(C)C=CC=C3Cl)S2)=N1,,,,,,,1.0,,,
CC1=CN=C(NC2=NC3=C(C=C(C(=O)NC4=C(C)C=C(C)C=C4C)C=C3)S2)C=C1,,,,,,,1.0,,,
COC1=C(NC2=NC3=C(C=CN3)C(NC3=C(C(N)=O)C(F)=CC=C3)=N2)C=C2C(=C1)CCN2C(=O)CN1CCN(C(C)C)CC1,0.0,,0.0,,0.0,,0.0,0.0,0.0,
COC1=CC=CC(C(=O)NC2=CC3=CC=C(C4=CC(F)=CC=C4C)C=C3C=N2)=C1,,,,,,,,,1.0,
COC1=CC2=C(C=C1CN1CC(C(N)=O)C1)C(NC1=C(F)C(Cl)=CC=C1)=NC=N2,,,,,0.0,,0.0,,,
CCCCCC=CC(=O)OC1CC2C(CCCCC(O)CCC)CCCC2NC1C,,,,,,,,,,
CCOC(=O)C1=NN(C2=CC=CC=C2)C=C1C(=O)C1=C(C)NC(C2=CC=CC=C2)=C1C1=CC=CC=C1,,,,,,,0.0,,0.0,
COC1=CC=C(/C(=N\C2=CC=CC=C2)NC(=S)NC2=CC=CC=C2)C=C1,,,,,0.0,,,,,
CC(C)C1=CC=CC=C1NC1=NC=NC(NC2=CC=C(OCC(O)CN(C)C)C=C2)=C1,0.0,,,,,,,,,
COC1=NC(C2=CC(NC(=O)C3CC3)=NC=C2)=NC=C1C(N)=O,,,,,1.0,,,,,
CN1CCN(CC2=C(C(F)(F)F)C=C(NC(=O)CNC3=C(F)C=C(C4=CN=C(NC(=O)C5CC5)C=C4)C=C3)C=C2)CC1,,,,,,,,,1.0,
O=S(=O)(C1=CC=CC2=CN=CC=C12)N1CCC2(CC1)CC(O)CCN2,,,,,,,0.0,,0.0,
CC1(C)OC(=O)N(C2=CC=C(C3=CN=C(N)C(C4=NC=CC=N4)=C3)C=C2)[C@H]1C1=CC=CC=C1,0.0,,,,,,0.0,,0.0,
C1=CC2=C(C=N1)NC=C2C1=C2C=CNC2=NC=C1,1.0,,,,,,,,,
CC1=CN2C(=O)C=C(N3CCOCC3)N=C2C([C@@H](C)NC2=CC=CC=C2C(=O)O)=C1,0.0,,0.0,,0.0,,0.0,,0.0,
CC[C@H](NC1=NC(NCC2=CC=CC(F)=C2)=C2N=CN(C(C)C)C2=N1)[C@@H](C)O,1.0,,,,,,,,,
O=C(CCl)C1=CC=C(Br)S1,,,,,0.0,0.0,,,,
CN1C(=O)C(OC2=C(Cl)C=CC=C2Cl)=CC2=CN=C(NC3CCOCC3)N=C21,,,,,,,,,0.0,
CC(CN)N1N=C(C2=CC(O)=C(F)C=C2)C2=C(N)N=CN=C21,,,,,,,,,1.0,
CN1C(=O)N(C2=CC=CC=C2)C2=NC(NC3=CC=CC=C3)=NC=C21,,,,,0.0,,,,,
CC1=C(N2C=CC=C(C(=O)NC3=CC(F)=C(OC4=NC=NC(N)=C4)C=C3)C2=O)C=CC(F)=C1,,,,,,,,,0.0,
COC1=CC=CC2=C1OC=C2C1=C(C2=CN(C)C3=C2C=C(Br)C=C3)C(=O)NC1=O,0.0,,,,1.0,,,,,
COC1=C(C(=O)C=CC2=CC=C(Cl)C=C2)C(O)=C(Br)C2=C1C=CO2,,,,,0.0,,,,,
CC1=CC=C(F)C=C1C1=CC(O)=C2C=C(NC(=O)C3CC3)N=CC2=N1,,,,,,,,,1.0,
S=C1NC(=S)C2=C(CC3=NN4C(CC5=CC=CC=C5)=NN=C4S3)NN=C2N1,0.0,,,,,,,,,
CNC1=NC=C2C=C(C3=CC(C(=O)NC4=CC=CC(C(F)(F)F)=C4C)=CC=C3C)C=CC2=N1,,,,,,,1.0,,,
CC(=O)C1=NN(C2=CC=C(Cl)C=C2)C(=NC2=C(C#N)C(C3=CC=CC=C3)=CC(C3=CC=CC=C3)=N2)S1,,,,,0.0,,0.0,,0.0,
CC[C@H](O)C1=CC(C)=C(C2=CC=C3C=C(NC(=O)C4CC4)N=CC3=C2)C=N1,,,,,,,,,1.0,
CC1=C(C2=CC3=CN=C(NC(=O)CC4CC4)C=C3C=C2)C=C(F)C=C1,,,,,,,,,1.0,
CNC1=NC2=NC(C)=C(C3=CC(NC(=O)NCCC(C)(C)C)=C(F)C=C3C)C=C2C=N1,,,,,,,,,1.0,
C[C@H](O)[C@@H](C)NC1=NC(NC2=CC=C(S(=O)(CC=O)=NS(=O)(=O)CC[Si](C)(C)C)C=C2)=NC=C1Br,1.0,,,,,,,,,
CC1=NN2N=C(C3=CC=C(C(F)(F)F)C=C3)C(C3=CC=NC(NC4=CC=CC=C4)=N3)=C2C=C1,0.0,,,,0.0,,,,,
COC1=CC2=NC=CC(OC3=CC=C(NC(=O)C4(C(=O)NC5=CC=C(F)C=C5)CC4)C=C3)=C2C=C1OC,0.0,,0.0,,0.0,,0.0,,0.0,
CC1=CC2=C(C=C1)N=CN2C1=NC(NC(C)C2=CC=CC=C2)=NC=C1,,,,,,,1.0,,,
CN1N=C(C(N)=O)C=C1C1=CC=NC(NC(=O)C2CC2)=C1,,,,,1.0,,,,,
CC1=NN(CCC2=CC=NC=C2)C(C(=O)NC2=CC=C(Cl)C=C2)=C1C,,,,,,,,,,
COC1=CC(OC)=CC(NC2=C(C(N)=O)C3=NC=CN3C(NCCCN)=N2)=C1,,,,,,,,0.0,,
COC1=CC2=C(C=C1)C(=O)C=C(C1=CC(OC)=C(OC)C(OC)=C1)O2,,,,,,,,,,
C(=C/C1=NC2=C(NCCN3CCOCC3)N=CN=C2N1)\C1=CC=CC=C1,,,1.0,,,,,,,
CC1=C(C2=NC(C3=CN(C)N=C3)=C3C=C(NC(=O)C4CC4)N=CC3=C2)C=C(F)C=C1,,,,,,,,,1.0,
CN1CCN(CC2=CC(NC(=O)C3=CC=C4CCN(C5=CN=CN=C5)CC4=C3)=CC(C(F)(F)F)=C2)CC1,,,,,,,,,0.0,
O=C1NN=C(C2=CC(NC3CCCOC3)=NC=C2)N1C1=CC2=CC=CC=C2C=C1,,,,,,,0.0,,0.0,
CN(CCCO)C1=C(C2=CN=CN=C2)C=C(C(=O)NC2=CC=C(OC(F)(F)F)C=C2)C=N1,,,,,,,,,1.0,
CC1=C(C2=CC3=CN=C(NC(=O)C4=CC=CC=C4)C=C3C=C2)C=C(F)C=C1,,,,,,,,,1.0,
CCC(O)(CC)C1=CC2=C(C=C1)C=C(C1=NNC3=C1SC(C1=CC=CC=C1)=C3)N2,,,,,,,1.0,,,
CC1=CC=CN(C2=CC(Cl)=C(C3=CC4=C(C=C3)C(C(=O)NCC3=CC=NC=C3)=NN4)C=C2)C1=O,,,,,,,,,,
O=C(NC1=NNC2=CC(Cl)=C(C3=CC=CC=C3)C=C12)N1CCCC1,,,,,0.0,,,,,
C1=CC=C(COC2=C(OCC3=CC=CC=C3)C=C3C(C4=NC5=C(C=C(N6CCC(N7CCCCC7)CC6)C=C5)N4)=NNC3=C2)C=C1,,,,,,,,,1.0,
CC(=O)OC1=C(C2=CC=C(C)C=C2)C2=CC=CC=C2N1,,,,,0.0,,,,,
O=C(OC1CNC(C#CC2=CC3=NC=NC(NC4=CC=C5C(=C4)C=CN5CC4=CC(F)=CC=C4F)=C3S2)C1)N1CCOCC1,0.0,,0.0,,0.0,,0.0,0.0,0.0,
CCONC(=O)C1=CN(C)C(=O)C(C)=C1NC1=CC=C(Br)C=C1F,,,,,0.0,,0.0,,,
O=C1NC(=O)C2=C1C1=C(N(C3=CC=CC=C3Cl)N=C1)N1C=CC=C21,,,,,1.0,,,,,
COC1=CC=CC=C1C1=C(N2CCC3=CC=CC=C32)C(=O)NC1=O,,,1.0,,1.0,,0.0,,,
CC1=CC(C)=CC(NC2=NC=CC(C3=NC=C(CO)S3)=N2)=C1,0.0,,,,,,,1.0,,
COC1=CC=C2NC(=O)/C(=C3/NC4=CC=CC=C4/C3=N\OCCO[C@@H]3O[C@H](CO)[C@@H](O)[C@H](O)[C@H]3O)C2=C1,,,,,1.0,,,,,
O=C(NC1=CC=C(F)C=C1)C1(C(=O)NC2=CC=C(OC3=CC=NC4=C3NC(=O)N4)C(F)=C2)CC1,,,,,,,,,0.0,
CC1=C(C(F)(F)F)C=C(NC(=O)C2=NSC=C2NCC2=CC=NC=C2)C=C1,0.0,,,,0.0,,,,,
CN1CCN(CCON=C2C(C3=C(O)NC4=CC(Br)=CC=C34)=NC3=CC=CC=C23)CC1,,,,,1.0,,,,,
O=C1NC(O)=C(C=NCC2=CC(O)=C(C3=CC=CC=N3)C=C2)C2=C1C=CC(I)=C2,0.0,,,,,,,,,
OC1=CC=CC(NC2=NC(SCCN3CCOCC3)=NC3=C2C=NN3CCC2=CC=CC=C2)=C1,,,,,,,,,1.0,
COC1=CC2=C(C=C1)NC(O)=C2N=NC1=CC=CC=C1,0.0,,,,,,,,,
CC1=C(C2=CC3=C(N=C(NC4=CC=C(OCCN5CCCC5)C=C4)N=N3)C(C)=C2)C(C)=CC=C1,,,,,,,1.0,,1.0,
CC(C)N1CCN(C2=NN=C(NC3=NC=C4C=C5C(=O)NCC6(CCCC6)N5C4=N3)C=C2)CC1,0.0,,,,,,,,,
CN1CCN(C(=O)N2CC3=C(NN=C3NC(=O)C3=CC(OC4=CC=CC=C4)=CC=C3)C2(C)C)C(CC2=CC=CC=C2)C1,0.0,,,,,,,,,
CC1=NC(NC2=NC=C(C(=O)NC3=C(C)C=CC=C3Cl)S2)=CC(N2CCNCC2)=N1,,,,,,,,,1.0,
CCC=NC1=C(C(=O)NC2=CC=CC=C2)N2CCCC2=C1C#N,1.0,,0.0,,,,,,,
NNC1=NC2=C(C=NN2C2=CC=CC=C2)C(=O)N1C1=CC=CC=C1,,,,,,,,,0.0,
CCC1=C(C2=C(C(N)=O)C=C(C3=NC(N)=NC=C3)N2)C=C(Cl)C=C1,,,,,,,,,1.0,
N#CC1=C(C2=CC3=CN=C(NC(=O)C4CC4)C=C3C=C2)C=C(O)C=C1,,,,,,,,,1.0,
CCOC(=O)CCC1=C2C(=CC=C1)C(C1=C(C3=COC4=CC=CC=C34)C(=O)NC1=O)=CN2C,,,,,1.0,,,,,
COC1=CC=C(C=NNC(=O)C2=CC=NC=C2)C=C1,,,,,,,,,,
ClC(CN1N=CC2=C(NCC3=CC=CC=C3)N=CN=C21)C1=CC=C(Br)C=C1,,,,,,,,,1.0,
C[C@H](CO)NC1=NC(NC2=CC=C(S(C)(=O)=NS(=O)(=O)CC[Si](C)(C)C)C=C2)=NC=C1Br,1.0,,,,,,,,,
ClC1=CC=CC=C1C1=NC2=C(Br)C=NN2C(NCC2=CC=CN=C2)=C1,1.0,,,,1.0,,,,,
OC1CCC(NC2=NC=CC(N3N=NC4=CC=CC=C43)=N2)CC1,,,,,,,,0.0,0.0,
NC1=C(C(=O)C2=CC=C(Cl)C=C2)N2C=C(C(=O)C3=C(F)C=CC=C3F)C=CC2=N1,0.0,,,,,,,,,
O=C(O)CCC(=O)NC1=NNC2=C1C=CC(Cl)=C2,,,,,1.0,,,,,
COC1=CC=C(NC(=O)C2=NC(C3=CC=C(S(=O)(=O)N4CCN(C)CC4)C=C3)=CN=C2N)C=C1,,,,,1.0,,,,,
COC1=CC(NC2=C(C(N)=O)C3=NC=CN3C(NCC3=CC=CC=C3)=N2)=CC(OC)=C1,,,,,,,,1.0,,
O=C(NC1=CC=C(Cl)C=C1)C1=NN=NN1CCC1=CC=NC=C1,,,,,,,,,,
O=C1NC(=O)C(C2=C3OC=CC3=CN=C2)=C1C1=CN2CCN(C(=O)N3CCOCC3)CC3=C2C1=CC=C3,,,,,1.0,,,,,
CC1CNCCN1C1=NC(C2=CC=NC=C2)=CC(=O)N1C,,,,,1.0,,,,,
NC1=NC=CC(C#CC2=CN=CN=C2NC2=CC(Cl)=C(OCC3=CC(F)=CC=C3)C=C2)=N1,0.0,,0.0,,0.0,,0.0,0.0,0.0,
CCS(=N)(=O)C1=CC=C(NC2=NC=C(Br)C(N[C@@H](C)C(C)(C)O)=N2)C=C1,1.0,,,,,,,,,
CC[C@@H]1C(=O)N(C)C2=CN=C(NC3=CC=C(C(=O)NC4CCN(C)CC4)C=C3OC)N=C2N1C1CCCC1,0.0,,0.0,,0.0,,0.0,,0.0,
CC1=CSC2=NC=NC(NN=CC3=CC=CS3)=C12,,,,,,,,,,
O=C(C1=CC2=C(C=CC(F)=C2)N1)N1CC2(CCN(C3CCCNC3)C2)C2=CC=CC=C21,0.0,,,,0.0,,0.0,,0.0,
CC(C)(C)C1=CC=C(C2=CC=C(C(=O)NCCC3=CNC4=CC=CC=C34)C=C2)C=C1,0.0,,,,,,,,,
CC1=CC=C(F)C=C1C1=CC=C2C=C(NC(=O)C3C[C@@H]3F)N=CC2=C1,,,,,,,,,1.0,
CN(C)CCCN1N=C(C2=C(C3=CN(C4=CSC5=CC=CC=C45)C4=CC=CC=C34)C(=O)NC2=O)C2=CC=CC=C21,,,,,0.0,,,,,
CCNC(=O)NC1=NC2=C(C=C(C3=C(OC)C=C(OC)C=C3)C=C2)S1,,,,,,,,,1.0,
CN1CCN(CC2=CC=C(NC(=O)CNC3=CC=C(C4=CC=C(NC(=O)C5CC5)N=C4)C=C3F)C=C2C(F)(F)F)CC1,,,,,,,,,1.0,
COC(=O)[C@H](CC1=CC=C(O)C=C1)NC(=O)C1=CC(C(=O)O)=C2C=C(C3=CC(Cl)=CC(Cl)=C3)C=CC2=N1,1.0,,,,,,,,,
NCCNC1=CC2=C(C(NC3=CC=CC(C(F)(F)F)=C3)=N1)C(=O)NC=C2,,,,,,,,1.0,,
CC1=C(C2=NC(N)=C(OCC(N)CC3=CC=CC=C3)C=C2C2=NC3=C(C)NN=C3N=C2)C=CO1,,,,,1.0,,,,,
CCOCCNC1=NC(SC)=NC2=C1C=NN2CC(Cl)C1=CC=CC=C1,,,,,,,,,0.0,
CC1=CC=C(F)C=C1C1=CC=C2C=C(C(=O)NC3CCC3)N=CC2=C1,,,,,,,,,1.0,
O=C(C1=CC=CC=C1C1=CC(F)=CC=C1)N1CCC2=C(C1)NC1=CC=CC=C21,0.0,,,,,,,,,
COC1=CC=CC(C2=C(N=NC3=CC=CC=C3)C(=O)NN2)=C1,,,,,1.0,,,,,
CC1=C(O)C=C(NC2=NC=CC(C3=C(C)NC(C#N)=C3C)=N2)C=C1,1.0,,,,,,,,,
COC1=CC(NC2=NC=NC3=CC(OCC4CCN(C)CC4)=C(OC)C=C23)=C(Cl)C=C1,,,,,,,0.0,,0.0,
COC1=CC(CO)=CC=C1C1=CC2=C(NC3=CC=C(F)C(Cl)=C3)N=CN=C2S1,,,,,0.0,,0.0,,0.0,
CN1C(C2=CC=C3C=C(NC(=O)C4CC4)N=CC3=C2)=CC=CC1=O,,,,,,,,,1.0,
O=C1NC(O)=C(C=NCC2=CC(=O)N(C3=CC=CC=C3)C=C2)C2=C1C=CC(I)=C2,0.0,,,,,,,,,
CSC1=CC=CC(C(=O)NC2=CC(NC3=NC=CC(C4=CN=CC=C4)=N3)=C(C)C=C2)=C1,,,,,,,,,0.0,
CC(C)C1=CC2=C(C=C1)C1(C)CCCC(C)(C(=O)O)C1CC2,,,,,0.0,,,,,
O=C(COC1=CC(O)=C2C(=O)C=C(C3=CC=CC=C3)OC2=C1)NC1=CC=C(Br)C=N1,,,,,,,,,1.0,
COC1=CC(O)=CC=C1C1=CC=C2C(C3=NC4=C(SCCO)C=CC=C4N3)=NNC2=C1,,,,,,,1.0,,,
COCCNC1=NC(C2=CC=C(NS(C)(=O)=O)C=C2)=NC2=C1N=CN2C(C)C,,,,,0.0,,,,,
COC1=CC2=C(C=C1CN(C)C(C)C(=O)N(C)C)C(NC1=C(F)C(Cl)=CC=C1)=NC=N2,,,,,0.0,,0.0,,,
O=C(NC1=NNC2=C1C=CC(C1=CNC(=O)C=C1)=C2)C1CC1,0.0,,0.0,,,,,,,
CSC1=CC=C(C2=COC3=CC=C(C4=CC=C(C)O4)C=C23)C=C1,,,,,1.0,,,,,
N#CC1=CC(NC2=NN(C3CCCC3)C(C3CCN(C4COC4)CC3)=C2)=NC=C1,,,,,0.0,,0.0,,0.0,
CC(C)=CC(=O)N1CC(NC(=O)NC2=C(F)C=C(F)C=C2)CC1C(=O)NC(CC1=CNC2=CC=CC=C12)C(N)=O,,,,,0.0,,,,,
COCC1=C(CN2CCOCC2)N2N=CN=C(N)C2=C1C1=CC=C(NC(=O)NC2=CC(C(F)(F)F)=CC=C2F)C(F)=C1,0.0,,0.0,,0.0,,0.0,,0.0,
O=C1NC(=O)C2=C1C1=CN(CCCC3=CC(N4CCCC4)=NC(=C3)CCCN3C=C2C2=CC=CC=C23)C2=CC=CC=C12,,,0.0,,1.0,,1.0,,1.0,
CC1=NC(NCCCCCCC(=O)NO)=CC(NC2=NC=C(C(=O)NC3=C(C)C=CC=C3Cl)S2)=N1,,,,,,,1.0,,1.0,
CNC(=O)C1=C(OCCCC#CC2=CC3=C(C=C2)C(=O)N(C2CCC(=O)NC2=O)C3=O)N=C(C2=CC(NC(=O)C3CC3)=NC=C2)S1,,,,,1.0,,,,,
C=CC(=O)NC1=CC=CC(C(=O)NC2=NC=C(SCC3=NC=C(C(C)(C)C)O3)S2)=C1,1.0,,,,,,,,,
FC(F)(F)C1=CC=C(NC2=NN=C(C3=CC=NC=C3CCC3=CC=NC=C3)O2)C=C1,,,,,,,,,,
O=C(CCl)C1=CC=C(Cl)S1,,,,,0.0,0.0,,,,
CC1=C(N2C=C(C3=CC4=C(C)NN=C4N=C3)N=N2)C=C(C(=O)NC2=CC(C(F)(F)F)=C(CN3CCN(C)CC3)C=C2)C=C1,,,,,,,,,1.0,
O=C(NCCCN1C=NC(Cl)=C1Cl)C1=CC=C(O)C2=C1N=C(C1=CC=CO1)N2,,,,,1.0,,,,,
COC1CCN(C2=NC=CC(NC3=CC4=C(C=N3)C(N)=NN4C(C)C)=N2)CC1,1.0,,,,,,,,,
CC1=CC=C(C(=O)NC2(C)CCC2)C=C1C1=CC=C2C=C(NC(=O)C3CC3)N=CC2=C1,,,,,,,,,1.0,
O=C(NC1=NN=C(COC2=CC=CC=C2)S1)C1=CC=CS1,,,,,,,,,1.0,
NC(=O)C1=C2NC3=C(C=CC(OCC4=CN=CC=C4)=C3)CCN2N=C1C1=CC=C(OC2=CC=CC=C2)C=C1,,,,,,,1.0,,,
N#CC(=CC1=CC(Br)=C(O)C(Br)=C1)C1=CN=CC=C1,,,,,,,0.0,,,
CN(C)C(=O)C1=CC2=CN=C(NC3=NC=C(N4CC(O)C4)C=C3)N=C2N1C1CCCC1,0.0,,,,,,,,,
CC(C)(C)C1=CC2=C(NN=CC3=CN=CC=C3)N=CN=C2S1,,,,,,,,,,
C=CC(=O)NC1CCC(C(=O)N2CCCC(NC3=NC=C(SCC4=NC=C(C(C)(C)C)O4)S3)C2)CC1,1.0,,,,,,,,,
C1=CC=C(COC2=CC3=C(C=C2)C(C2=NC4=C(C=C(N5CCC(N6CCCCC6)CC5)C=C4)N2)=NN3)C=C1,,,,,,,,,1.0,
CC(C)(C)[C@@H](NC(=O)C1=CNC2=NC=C(C3CC3)N=C12)C(=O)N1CC(C#N)C1,0.0,,,,0.0,,0.0,,0.0,
C1=CC=C(C2=C(C3=CC=CC=C3)C3=C(NCCN4CCNCC4)N=CN=C3O2)C=C1,,,,,,,1.0,,,
CC1=NC=C(C2=NC(NC3=CC=C(N4CCN(C(=O)CO)CC4)C=C3)=NC=C2)N1C(C)C,1.0,,,,,,,,,
CN1C=C(C2=C(C3=NN=C4C=CC=CN34)C(=O)NC2=O)C2=CC(Br)=CC=C21,,,,,1.0,,,,,
COC1=CC2C3CC4=C(C(O)=C(OC)C=C4)C2(CCN3C)CC1=O,0.0,,,,,,,,,
COC1=CC(N2CCN(C(C)=O)CC2)=CC=C1NC1=CC(C2=CN(C)C3=CN=CC=C23)=NC=N1,0.0,,,,,,,,,
COC1=CC=C(SC2=NC3=CC=CC=C3C(NC3=NNC(C)=C3)=N2)C=C1,,,,,1.0,,,,,
NC1=NC=CC(C2=CC3=CN=C(NC(=O)C4CC4)C=C3C=C2)=C1,,,,,,,,,1.0,
O=C1NC2=CC=CC=C2C1=CC1=CC=CC=N1,,,,,1.0,,,,,
FC1=CC=C(NC2=NC=CC(C3=C4C=CC=NN4N=C3C3CC3)=N2)C=C1F,0.0,,,,0.0,,,,,
CC1=CC=C(NC(=O)C2=CC=CC(C(F)(F)F)=C2)C=C1C(=O)NC1=CN=C(NC2CC2)N=C1,,,,,,,0.0,,,
CC(C)C(=O)N1CCO[C@@H](C2=NC(C3=CC=C(C(=O)NC4=CC(C(F)(F)F)=CC=N4)C=C3F)=C3C(N)=NC=CN23)C1,,,,,,,1.0,,,
CC(=O)NC1=CC=CC(C#CC2=CN=CN=C2NC2=CC(Cl)=C(OCC3=CC(F)=CC=C3)C=C2)=C1,0.0,,0.0,,0.0,,0.0,0.0,0.0,
COC1=CC(OC)=CC(NC2=C(C(N)=O)C3=NC=CN3C(NC3CCCCC3N)=N2)=C1,,,,,,,,1.0,,
CCOC1=C(C2=NC3=C(N=N2)N(C)N=C3C)C=C(S(=O)(=O)N2CCNCC2)C=C1,,,,,,,,,0.0,
CC1=C(C#CC2=CN=C3C=CC=CN23)C=C(C(=O)NC2=CC(C(F)(F)F)=C(CN3CCN(CCF)CC3)C=C2)C=C1,,,,,,,,,1.0,
COC1=C(Cl)C=C2N=C3C(=NC(=O)NC3=O)N(CCN3CCCC3)C2=C1,,,,,0.0,,,,,
CCN1C(C2=NON=C2N)=NC2=C(C#CC(C)(C)O)N=C(CNC)C=C21,,,,,1.0,,,,,
CN(C)CC(O)COC1=CC=C(NC2=CC(N(CC#N)C3=C(Cl)C=CC(Cl)=C3)=NC=N2)C=C1,0.0,,,,,,,,,
CS(=O)(=O)NC1=CC=CC(C2=CNC(=O)C3=C2SC(C2=C4C=CNC4=NC=C2)=C3)=C1,0.0,,,,1.0,,,,,
NC1CN(C2=CC=C(C(=O)NC3=CC=C(OC(F)(F)Cl)C=C3)C=C2C2=CN=CN=C2)CC1O,,,,,,,,,1.0,
O=C1CC(=O)C2=C(C1)C1=C(N2)C2=C(C3=C(C=CCC3)N2)C2=CN(Br)C=C21,,,,,0.0,,,,,
CC1=CC(C)=C(NC(=O)C2=CC3=C(C=C2)N=C(NC2=NC(C)=NC(C)=C2)S3)C(C)=C1,,,,,,,1.0,,,
O=C1NC(=S)NC1=CC1=CC=C(C2=C(Cl)C=CC([N+](=O)[O-])=C2)O1,,,0.0,,,,,,,
CN(C)S(=O)(=O)C1=CC=C(NC2=CC(NC3CCC(N)CC3)=NC3=C(Cl)C=NN23)C=C1,1.0,,,,0.0,,,,,
CNC(=O)C1=CC(N2C(C)=CC(OCC3=C(F)C=C(F)C=C3)=C(Br)C2=O)=C(C)C=C1,,,,,,,,,,
CN(C)CC1=CC=C([C@H]2C[C@@H]2C(=O)NC2=NC3=CC=C(C4=CC=CN=C4)C=C3S2)C=C1,,,,,,,1.0,,,
COC1=CC(C(F)(F)F)=CC(NC2=NC=CC(C3=C4C=CC(C)=NN4N=C3)=N2)=C1,1.0,,,,1.0,,,,,
NS(=O)(=O)C1=CC=C(NC2=NNC(C3=CC(F)=C(O)C=C3)=C2)C=C1,1.0,,0.0,,0.0,,0.0,0.0,0.0,
CC1=C(C2=CN=CN=C2)C=C(C(=O)NC2=CC=C(OC(F)(F)F)C=C2)C=C1,,,,,,,,,1.0,
CC1=NC(C2=NN3CC(C)(C)C(C)C3=C2C2=CC(NC3=CC=C(S(N)(=O)=O)C=C3)=NC=C2)=CC=C1,,,,,,1.0,,,,
CC1=CC(C2=C(O)C=CC=C2Cl)=CC2=NN=C(NC3=CC=C(S(=O)(=O)NCCN4CCCC4)C=C3)N=C12,,,,,,,,,0.0,
COC1=CC2=C(C=C1)OC1=NC=C(O)C(C3=CC=CC=C3)=C12,,,,,0.0,,,,,
NC(=O)C1=C(NC2=CC(F)=CC(F)=C2)N=C(N[C@H]2CCCC[C@H]2N)N2C=CN=C12,,,,,,,,1.0,,
C1=NC(N2CCC3(CCCNC3)CC2)=C2N=CNC2=N1,,,,,0.0,,0.0,,0.0,
CCC1=C(NC2=NC3=CC=CC=C3N3C=NC=C23)C(CC)=CC=C1,,,,,,,0.0,,,
N#CCCC1=CC2=C(C=C1)NC(=O)CC1=C2NC2=C1C=C([N+](=O)[O-])C=C2,,,0.0,,1.0,,0.0,,0.0,
O=C(NC1=NC=C2C=C(C3=CC=CC=C3Cl)C=CC2=C1)C1CC1,,,,,,,,,1.0,
CC1=CC([N+](=O)[O-])=C(C2=CC=C(C=C3SC(=N)NC3=O)O2)C=C1,,,1.0,,1.0,,,,,
COC(=O)NC1=NC2=CC=C(SC3=CC=C(NC(=O)NC4=CC(C(F)(F)F)=CC=C4F)C=C3)C=C2N1,0.0,,0.0,,0.0,,0.0,0.0,0.0,
CC(O)CNC1=NC2=C(C(C)C)NN=C2C(NCC2=CC=C(C3=CC=CC=N3)C=C2)=N1,,,,,,,,,,
O=C(NC1CC1C1=CC=CC=C1)C1=CC=CC=C1SC1=CC2=C(C=C1)C(C=CC1=CC=CC=N1)=NN2,,,,,,,,,,
C1=CC=C2C(=C1)CCN2CCCCCCN1CCC2=CC=CC=C21,0.0,,,,,,,,,
CC1=C(C#CC2=C(N)N=CC(C3=CN(C)N=C3)=C2)C=C(C(=O)NC2=CC=C(Cl)C=C2)C=C1,,,,,,,,,0.0,
CC1=CC(N)=NC=C1C1=CC=C2C=C(NC(=O)C3CC3)N=CC2=C1,,,,,,,,,1.0,
COC1=C(NC(=O)C2=CC3=CC=CC=C3N2C)C=CC(C2=NN(C3CCC(N4CCN(C)CC4)CC3)C3=NC=NC(N)=C23)=C1,,,,,,,1.0,,,
NC1=NC=NC2=C1C(C1=CC=CC(OC[C@@H]3CCCO3)=C1)=CN2[C@H]1C[C@@H](CN2CCC2)C1,0.0,,,,,,0.0,,,
OC1CCC(NC2=NC=CC(N3C=CC4=CC=CC=C43)=N2)CC1,,,,,0.0,,0.0,0.0,0.0,
O=C(NC1=CC=C(OC(F)(F)F)C=C1)C1=CN=CC(C2=CN=CN=C2)=C1,,,,,,,,,1.0,
CC(=O)NCC1CCC(C2=NC(C3=CC4=CC=CC=C4N3)=C3C(N)=NC=CN23)CC1,,,,,,,,,0.0,
COC1=NC=CC=C1C(=O)NC1=CC=CC(C2=NC3=C(NC4=CC=CC(C(F)(F)F)=C4)N=CN=C3N2)=C1,,,,,,,,,0.0,
O=C1NC2=C(C=C(C3=CN=CC=C3)C=C2)C1=CC1=CC=CN1,,,0.0,,0.0,,0.0,,0.0,
CN1C=C(C2=CC=C(F)C=C2)C(=O)C2=C1C=CN=C2NC1=CC(F)=C(OC2=CC(NC(=O)C3CC3)=NC=C2)C=C1,,,,,0.0,,0.0,,0.0,
CN1CCN(CCNC(=O)C2=NN3C=C(C4=C(Cl)C=C(Cl)C=C4)N=C(NCCNC4=NC=C(C#N)C=C4)C3=C2)CC1,,,,,1.0,,,,,
CN(C1=C2C=NNC2=NC=C1C(N)=O)C1CCCCC1,,,,,,,0.0,,,
CC1=CC(C(=O)CCl)=C(C)S1,,,,,0.0,,,,,
CC1=CC=C(NC(=O)C2=CC=CC(C(F)(F)F)=C2)C=C1/C=C/N1C=NC2=C(NC3=CC=CC=N3)N=CN=C21,,,,,,,,,0.0,
COC1=C(C2=NC3=NC=C(Br)C(NCCCNC(=O)C4CCC4)=C3N2)C=CC(F)=C1,0.0,,,,,,,,,
CC1=CC(NC2=C3C=C(F)C=NC3=NN2)=NC(C2=CC=CC=C2)=C1C,,,1.0,,1.0,,,,,
N=C1OC2=CC(O)=CC(O)=C2C=C1C(=O)NC1=CC(O)=CC=C1,,,,,,,,,,
CCC(=O)N1CCC(N2C(=O)N(C3=C(Cl)C=CC(OC)=C3)CC3=CN=C(NC4=CC(C)=C(N5CCN(C6COC6)CC5)C=C4)N=C32)C1,,,,,,,,,,
COC1=C(C2=NC(NC3=CC=CC(CS(C)(=N)=O)=C3)=NC=N2)C=CC(F)=C1,1.0,,1.0,,1.0,,,,,
NC1=C(C2=NC3=CC=CC=C3N2)C=CC=N1,0.0,,,,,,,,,
CC1=CC=C(N2N=C(C(C)(C)C)C=C2NC(=O)NC2=CC=C(OC3=NC(NC4=CN=C5NC=CC5=C4)=NC=C3)C3=CC=CC=C23)C=C1,,,0.0,,,,,,,
C1=CC=C2N=CC(C3=CC=NC=C3)=CC2=C1,,,,,,,0.0,,,
C[C@@H](CO)OC1=CC=C2C=C(NC(=O)C3CC3)N=CC2=C1,,,,,,,,,1.0,
O=C1C(=CC2=CC(Br)=C(O)C(Br)=C2)C(=O)C2=CC=CC=C12,,,,,,,1.0,,,
COC1=C(C2=CC3=C(C=C2)C(C2=NC4=C(C=CC=C4N4CCN(C)CC4)N2)=NN3)C=CC(O)=C1,1.0,,,,0.0,,0.0,0.0,0.0,
CCCCCCCCCCCCCCCC(=O)NC1CCN(C(=O)C2SC3=CC=CC=C3N(CC)C2=O)CC1,,,,,0.0,,,,,
COC1=CC=CC(N2N=CC3=C(NN=CC4=CC=C(C)C=C4)N=CN=C32)=C1,0.0,,0.0,,0.0,,0.0,0.0,0.0,
CC1=CC(F)=C(NC2=NN=C(C3=C(NCC4=CC=NC=C4)N=CN3C)O2)C=C1,0.0,,,,0.0,,,,,
CCS(=O)(=O)C1=CC2=C(C=C1)NC(=O)C2=CC1=C(CCCN2CCN(C)CC2)C2=C(CCCC2)N1,,,,,,,1.0,,,
CCCS(=O)(=O)NC1=C(F)C(C(=O)NC2=CN=C(NC(C)=O)C=C2)=C(Cl)C=C1,,,,,,,0.0,,,
CC1=C(C2=CC3=CN=C(NCCN4CCOCC4)N=C3C=C2)C=C(C(=O)NC2CC2)C=C1,,,,,,,1.0,,,
O=[N+]([O-])C1=CC=C(S(=O)(=O)NC2=CC(SC3=NC=NC4=C3NC=N4)=C(O)C=C2)C=C1,,,,,,,,,0.0,
O=C1NC(=O)N(C2=CC=CC=C2)/C1=C/NC1=CC=C(C(=O)O)C=C1,,,,,0.0,,,,,
COCCN1C=C(C2=C(C3=COC4=CC=CC=C34)C(=O)NC2=O)C2=CC=CC=C21,,0.0,,,1.0,,,,,
CC(=O)NC1CCN(C2=CC=C(NC3=NC=C(F)C(C4=CN=C(C)N4C(C)C)=N3)C=C2)C1,0.0,,,,,,,,,
CN(C)C1CCN(C2=NC=C(C(=O)NC3=CC=C(OC(F)(F)F)C=C3)C=C2C2=CN=CN=C2)C1,,,,,,,,,1.0,
CCC1=CC=C2NN=C(C(=O)NCC3CCN(CC(=O)O)CC3)C2=C1,,,,,1.0,,,,,
O=C1NC(=S)NC1=CC1=CC=C(C2=CC=C([N+](=O)[O-])C=C2)O1,,,1.0,,1.0,,,,,
NS(=O)(=O)C1=CC=C(N=CC2=C(O)NC3=CC=CC=C23)C=C1,1.0,,,,,,,,,
CN1CCN([C@H]2CC[C@H](N3N=C(C4=CC=C(OC5=CC=CC=C5)C=C4)C4=C(N)N=CN=C43)CC2)CC1,,,,,,,1.0,,,
O=C(NC1=CC=C(OC(F)(F)F)C=C1)C1=CN=C(N2CCC(CO)C2)C(C2=CN=C(Cl)C=C2)=C1,,,,,,,,,1.0,
COC1=C(NC(=O)C2=CC=C(C)C=C2)C=CC(C2=NN(C3CCN(C4CCOCC4)CC3)C3=NC=NC(N)=C23)=C1,,,,,,,0.0,,,
COC1=CC=CC=C1C(=O)C1=C(N)C(C(N)=O)=C(C2=CC=C(OC3=CC=CC=C3)C=C2)N1,,,,,,,1.0,,,
NC1=NC=NC2=C1C(C1=CC=C(NC(=O)C3=CC=CC(F)=C3)C=C1)=C(C1=CC=CN=C1)O2,,,,,0.0,,,,,
CN1C=C(C2=CC=NC=C2)C(C2=CC=C(F)C=C2)=N1,,,,,,,,,1.0,
CCC1=CC(NC2=NC=CC(C3=C(C4=CC(C(=O)NC5=C(F)C=CC=C5F)=C(OC)C=C4)N=C4C=CC=CN34)=N2)=C(OC)C=C1N1CCC(N2CCN(S(C)(=O)=O)CC2)CC1,,,,,,,0.0,,,
O=C1C=C(C2=CC=C([N+](=O)[O-])C=C2)OC2=C([N+](=O)[O-])C=CC(O)=C12,,,,,,,0.0,,,
O=C1NC2=CC=C(F)C=C2C1=CC1=C2CCNC(=O)C2=CN1,1.0,,,,,,,,,
COC1=CC2=C(C=C1)N(CC1=CC=CC=C1)C(=O)C2=CC#N,,,,,0.0,,,,,
CN(CCON=C1C(C2=C(O)NC3=CC(Br)=CC=C23)=NC2=CC=CC=C12)CC(O)CO,,,,,,,,,1.0,
C1=CC=C(NC2=NC=C3N=NN(C4=CC=CC=C4)C3=N2)C=C1,,,1.0,,1.0,,,,,
ClC1=CC=C(NC2=NN=C(C3=CC=CN=C3CCC3=CC=NC=C3)O2)C=C1Cl,,,,,,,,,,
N=C1OC2=C(C=CC(O)=C2O)C=C1C(=O)NC1=CC=CC(CO)=C1,,,,,,,,,,
CC1=CC=C(Cl)C=C1NC1=CC=NC(NC2=CC=CC(C(N)=O)=C2)=N1,,,,,,,,,,1.0
O=C(NC1=CC=C(OC(F)(F)F)C=C1)C1=CN=C(N2CC(O)C(CO)C2)C(C2=CC(F)=CN=C2)=C1,,,,,,,,,1.0,
C=S(N)(=O)C1=CC=C(NC2=NC=C(Br)C(NC(C)CO)=N2)C=C1,1.0,,,,,,,,,
CCOC(=O)N=S(C)(=O)C1=CC=C(NC2=NC=C(Br)C(N[C@H](C)C(C)(C)O)=N2)C=C1C,1.0,,,,,,,,,
O=C(O)CC1=CSC(C2=NC3=CC4=CC=CC=C4C=C3N=C2C2=CC(CC(=O)O)=CS2)=C1,,,,,0.0,,0.0,,,
O=C(NC1=CC=C(OC(F)(F)F)C=C1)C1=CN=C(N2CCC(CO)C2)C(C2=CC(F)=C(Cl)N=C2)=C1,,,,,,,,,1.0,
CN1CCC(NC2=NC=C3N=CN=C(NC4=CC(Cl)=C(F)C=C4)C3=N2)CC1,,,,,,,,,,
CC1=CC(C(F)(F)F)=CC(NC2=NC=CC(C3=NC(CO)=CS3)=N2)=C1,0.0,,,,,,,1.0,,
CCCONC(=O)C1=CC=CC=C1SC1=CC2=C(C=C1)C(C=CC1=CC=CC=N1)=NN2,,,,,,,0.0,,,
COC1=CC=C(N2N=C(C(C)(C)C)C=C2NC(=O)NC2=CC=C(OC3=NC(NC4=CC5=C(C=C4)NN=C5)=NC=C3)C3=CC=CC=C23)C=C1,,,0.0,,,,,,,
C[C@H]1CN(CC2=CC=C(NC3=NC=C4C=C(C(=O)N(C)C)N(C5CCCC5)C4=N3)N=C2)CCN1,0.0,,,,,,,,,
NC1=NC(NC2=CC=C(S(=O)(=O)NC(=O)CCN3CCOCC3)C=C2)=NN1C(=O)C1=C(F)C=CC=C1F,1.0,,,,,,,,,
COC1=C(C(=O)NCCCCCCNC(=O)COC2=CC=CC3=C2C(=O)N(C2CCC(=O)NC2=O)C3=O)SC(C2=CC(NC(=O)C3CC3)=NC=C2)=N1,,,,,1.0,,,,,
O=C(NC1=CC(OC(F)(F)Cl)=CC=C1)C1=CC=NN1CCC1=CC=NC=C1,,,,,,,,,,
CS(=O)(=O)C1=CC=CC(CNC2=NC(NC3=CC4=C(C=C3)NC(=O)CC4)=NC=C2C(F)(F)F)=C1,0.0,,,,0.0,,0.0,,0.0,
CC1=C(C2=CC3=CN=NC(OC(C)C)=C3C=C2)C=C(C(=O)NC2CC2)C=C1,,,,,,,0.0,,,
COC1=CC=CC=C1C1=NC(NC2COC3C(NC(=O)NC4=CC=CC(C#N)=C4)COC23)=NC=C1,,,,,0.0,,,,,
NC1=NC(C2=CC3=C(C=C2)NN=C3)=CS1,,,,,0.0,,,,,
NC(=O)C1=CN=C2C=CC(C(=O)C=CC3=CC=C(Cl)C=C3)=CC2=C1NC1=CC=C(Cl)C=C1,0.0,,,,,,,,,
COC1=CC=CC=C1N1N=CC2=C(NN=CC3=CC=NC=C3)N=CN=C21,,,,,0.0,,,,,
OC1=CC(O)=C(C=NNC2=CC=CC=C2)C=C1,,,,,,,0.0,,,
COC1=C(OC)C=C(C2=NN(C(C)C)C3=NC=NC(N)=C23)C=C1,,,,,,,,,0.0,
COC1=CC2=C(C=C1)NN=C2C(=O)NCC1CCN(CCCN(C)C)CC1,,,,,0.0,,,,,
CCS(=O)(=O)C1=CC(NC2=NC=C(C3=CC=CC(C4=CC=CC=N4)=C3)O2)=C(OC)C=C1,,,,,,,,,,
CC(C)COC1=CC=CC2=C1N(CC(C)C)C1=C(C3=C[C@@]4(O)CC/C=C\CCCCN5CCC3[C@]3(C[C@@H]6/C=C\CCCCN6[C@@H]43)C5)N=CC=C21,,,,,0.0,,,,,
CC1=NN2N=C(C3=CC=C(F)C=C3)C(C3=NC(NC4=CC5=C(C=C4)OCCO5)=NC=C3)=C2C=C1,0.0,,,,1.0,,,,,
CS(=O)(=O)NC1=CC=C(CCNC(=O)C2=C3N=C(C4=C(Cl)C=C(Cl)C=C4)NC3=C(O)C=C2)C=C1,,,,,1.0,,,,,
C[C@@H](NC(=O)CCCCCC(=O)NC1=CC=CC(NC2=NC=CC(NC3=NNC(C4CC4)=C3)=N2)=C1)C1=CC=CO1,,,,,,,,,0.0,
CC1=CN=CC=C1C(=O)NC1=CC=CC(C(=O)C2=CC=C3C(/C=C/C4=CC=CC=N4)=NNC3=C2)=C1,,,,,,,0.0,,,
CC(=O)NC1=C(C)C=C(C)C(C(=O)C2=CC3=C(C=C2)C(C=CC2=CC=CC=N2)=NN3)=C1,,,,,,,0.0,,,
COC1=CC(C2=C(C)C(C3=CC=C(N4CCNCC4)C=C3)=CN=C2)=CC(OC)=C1OC,,,,,,,,,1.0,
O=C1NC2=CC=CC=C2/C1=C1/S/C(=N/N=C2/C(=O)NC3=CC=CC=C23)N(C2=CC=C(O)C=C2)C1=O,,,,,1.0,,,,,
COC1=CC=CC(N2N=CC3=C(NN=C(C)C4=CC=NC=C4)N=CN=C32)=C1,,,,,1.0,,,,,
CC1=C(C(=O)C2=CN(C3=CC=C(Cl)C=C3)N=C2C(=O)NC2=CC=CC=C2)C(C2=CC=CC=C2)=C(C2=CC=CC=C2)N1,,,,,,,0.0,,0.0,
CC(=O)NC1=CN=C2C=CN(C3=NC4=C(C#N)C=NN4C(NC4CC4)=C3)C2=C1,0.0,,,,0.0,,,,,
COCCNS(=O)(=O)C1=CC=C(NC2=NC=CC(C3=CN=C4C=CC(SC5=CC=CC=C5)=CN34)=N2)C=C1,1.0,,,,,,,,,
COC1=CC(C2=CC(=O)C3=C(C=CC(O)=C3)O2)=CC(OC)=C1O,,,,,,,,,,
CC(C)(O)C1CNCC1NC1=NC(C2=C(O)C=CC(C3=CC=NN3)=C2)=NC2=CC=CC=C12,,,,,0.0,,,,,
CC1=C(NC2=NC=CC(C3=CN=CC=C3)=N2)C=C(NC(=O)C2=CC3=C(C=C2)C(N2CCN(C(=O)OC(C)(C)C)CC2)CC3)C=C1,,,,,,,,,0.0,
C=CC(=O)NC1=CC=CC(C2=C3C4=C(CC(C(C)(C)O)CC4)NC3=C(C(N)=O)C=C2)=C1C,,,,,,,1.0,,,
CC1=C([N+](=O)[O-])C=C(N2C=C(COC3=CC=CC4=CN=C(NC5=CC(Cl)=CC=C5)N=C34)N=N2)C=C1,,,,,0.0,,,,,
CCNC(=O)NC1COC2C(NC3=NC=CC(C4=CC=C(OC)C=C4)=N3)COC12,,,,,1.0,,,,,
CC1=C(C(=O)NC(CSC2=CC=CC=C2)C(O)CN2CC3CCCCC3CC2C(=O)NC(C)(C)C)C=CC=C1O,,,,,,,0.0,,,
COC1=CC=C(NC(=O)NC2=CN=C(NC3=CC(OC)=CC(OC)=C3)N=C2OC2=C(OC)C=C(C)C=C2)C=C1,,,,,,,0.0,,,
CCCN(C(=O)NC1=CC(F)=CC=C1)C1CCC2=C(C1)SC(NCC1=CC=C(C(=O)OC)C=C1)=N2,,,,,0.0,,,,,
CN1CCC(N2C=NC(C3=CC=C(F)C=C3)=C2C2=NC(NCCO)=NC=C2)CC1,0.0,,0.0,,0.0,,0.0,0.0,0.0,
CN(C)C(=O)C1=CC2=CN=C(NC3=CC=C(N4CCN(CCF)CC4)C=N3)N=C2N1C1CCCC1,0.0,,,,,,,,,
COC1=CC2=C(C(OC)=C1O)C1=C(C3=CC=CC=C3)C(OCC3=CC=CC=C3)=CN=C1O2,,,,,0.0,,,,,
CCN1C=NC2=C(N)N=C(N(C3=CC(Cl)=CC=C3)C3CCCCC3N)N=C21,,,,,,,,,,
COCCOC1=CC2=C(N3N=C(C4=CC=CC=N4)N=C3N)N=CN=C2C=C1OC,,,,,,,,,,
O=C1NCC2(CCCCC2)N2C1=CC1=CN=C(NC3=NC=C(N4CCC(N5CCCCC5)CC4)C=C3)N=C12,0.0,,,,,,,,,
COC1=C(C2=CC3=C(CCNC3=O)N2)C=C(COC2=CC(F)=C(F)C=C2C)N=C1,,,,,0.0,,,,,
O=C(NC1=CC=C(OC(F)(F)Cl)C=C1)C1=CN=C(N2CC(O)C2)C(C2=C(F)C=NN2)=C1,,,,,,,,,1.0,
COC1=C(OCCCN2CCOCC2)C=C2N=CN=C(NC3=NC4=C(C=C(C(=O)NC5=C(C)C=CC=C5C)C=C4)S3)C2=C1,,,,,,,,,0.0,
CC(C)(NC(=O)CCC1=CC(P(=O)(O)O)=C(OCC(=O)O)C=C1)C1=CC(C(N)=O)=C(OCC2CCCCC2)C=C1,,,,,,,,0.0,,
CC1=CC(C)=CC(N=C2NC(=O)C(=CC3=CC=C(C4=CC(Cl)=CC=C4)O3)S2)=C1,,,0.0,,,,,,,
C/C(CC1=CC=CC=C1)=N\NC1=NN=C2C(=N1)NC1=CC=CC=C12,0.0,,,,,,,,,
COC1=C(NC(=O)OC(C)(C)C)C=CC(C2=NN(CCN3CCC(N4CCCCC4)CC3)C3=NC=NC(N)=C23)=C1,,,,,,,,,1.0,
CC1=CSC(C2=CC3=C(C(NC4=CC=C(OC5CCN(C)CC5)C=C4)=N2)C(=O)NC=C3)=N1,,,,,,,,1.0,,
CN(C)C(=O)C1=CC2=CN=C(NC3=NC=C(C4CCN(CCO)CC4)C=C3)N=C2N1C1CCCC1,0.0,,,,,,,,,
ClC1=CC=C(C(Cl)CN2N=CC3=C(NCC4=CC(Cl)=CC=C4)N=CN=C32)C=C1,,,,,,,,,1.0,
CCOC(=O)CN1CCC(CNC(=O)C2=NNC3=C2C=C(Br)C=C3)CC1,,,,,1.0,,,,,
COC1=CC=C2C(=C1)N=C(C(=O)O)C1=C2NC2=C(Br)C=CC=C21,0.0,,,,,,,,,
NC(=O)C1=C2NC3=C(C=C(OCC4=CN=CC=C4)C=C3)CCN2N=C1C1=CC=C(OC2=CC=CC=C2)C=C1,,,,,,,1.0,,,
COC1=CC(OC2=CC=CC=C2)=CC=C1C1=C2C(N)=NC=CN2C([C@H]2C[C@@](C)(O)C2)=N1,,,,,,,1.0,,,
O=C(NC1CCC1)C1=CC=CC=C1SC1=CC2=C(C=C1)C(C=CC1=CC=CC=N1)=NN2,,,,,,,0.0,,,
CN(C)C(=O)CN1CCC(N2C=C(C3=CC(O)=CC=C3)C3=C(N)N=CN=C32)CC1,,,,,,,1.0,,,
CCC1=CC2=C(NN=CC3=CC=CS3)N=CN=C2S1,,,,,,,,,,
CC1=C(NC2=NC=CC(C3=CN=CC=C3)=N2)C=C(NC(=O)C2=CC=C(N=NN(C)CO)C=C2)C=C1,,,,,,,,,0.0,
CCCCC/N=C1\N=C(C2=CC=C(OC)C=C2)N(C2=CC=CC=C2)S1,,,,,1.0,,,,,
COC1=NC=NC(N2C(NC3=C(C)C=CC(NC(=O)C4=CC(C(F)(F)F)=CC=C4)=C3)=NC3=CC=CC=C32)=C1,,,,,,,0.0,,,
CNC(=O)C1=CC(OC2=CC=C(NC3=CC=C(Cl)C(C(F)(F)F)=C3)C=C2)=CC=N1,,,,,,,,,,
C1=CC=C(OC2=NC=NC3=C2N=CN3)C=C1,,,,,0.0,,0.0,,,
COC1=CC2=NC=CC(OC3=CC4=C(C=C3)N(C(=O)NC3=CC=CC=C3)CCO4)=C2C=C1OC,,,,,,,1.0,,,
COC1=CC=CC(CCC(=O)NC2=NC=CC(C3=C(C4=CC=C(F)C=C4)NC(SC)=N3)=C2)=C1,,,,,1.0,,,,,
COC1=CC=C(C(=O)NC2=CC=C(NC(=O)C3=CC=CC=N3)C=C2)C=C1C1=CNC(=O)NC1=O,0.0,,,,,,,,,
O=C(NC1=CC(C2=CC=C3C=CC=NC3=C2)=CC=N1)C1CC1,,,,,1.0,,,,,
COC1=CC(NC2=C(C(N)=O)C3=NC=CN3C(NCC3=CC=C(CC(=O)OC(C)(C)C)C=C3)=N2)=CC(OC)=C1,,,,,,,,0.0,,
NS(=O)(=O)C1=CC=C(Br)C=C1,0.0,,,,,,,,,
CC1=C(Br)C(=O)N(C2CCCC2)C2=NC(NC3=CC=C(N4CCNCC4)C=C3)=NC=C12,1.0,,,,,,,,,
CN1C(N2CCN[C@@H](C3=CC=C(Cl)C=C3)C2)=NC(C2=CC=NC=N2)=CC1=O,,,,,1.0,,,,,
O=C1C=C(N2CCNCC2)OC2=C1C=CC=C2C1=CC=CC=C1,,,,,,,,,,
O=C(NC1=CC=C(OC(F)(F)F)C=C1)C1=CC(C2=CN=CN=C2)=C(Cl)C=C1,,,,,,,,,1.0,
CNC1=CC=CC(C2=NC(NCC3=C(F)C=CC=C3Cl)=NN2)=C1,,,,,,,1.0,,,
CC1=C(NC(=O)C2=C3C=CC=CN3N=C2)C=CC(NC(=O)C2=NN(C3CCN(C(=O)NC(C)(C)C)CC3)C3=CC=CC=C23)=C1,,,,,,,1.0,1.0,,
O=C(NC1=CC=C(OC(F)(F)F)C=C1)C1=CN=C(N2CCOCC2)C(C2=NC=CN=C2)=C1,,,,,,,,,1.0,
CC1=NN2N=CC(C3=CC=NC(NC4=CC=C(C(F)(F)F)C=C4)=N3)=C2C=C1,1.0,,,,1.0,,,,,
CC1=CC2=C(C3=CC=C(S(=O)(=O)N(C)CCO)C=C3)C=CN=C2N1,,,,,0.0,,,,,
CC(=O)NC(CC1=CC=C(OP(=O)(O)O)C=C1)C(=O)NC(CC(=O)O)C(=O)NC(C(=O)NC(CC(C)C)C(N)=O)C(C)C,,,,,,,,0.0,,
CC1=C(NC(=O)N(C)C2=NC=NC(NC3=CC=C(N4CCOCC4)C=C3)=C2)C=C(O)C=C1,,,,,,,1.0,,,
CCOC(=O)C1=C(CN2CCOCC2)NC(C2=NC=CS2)=NC1C1=C(Br)C=C(F)C=C1,,,,,,,,0.0,0.0,
CC1=CC=C2NN=CC2=C1NC1=CC=NC(NC2=CC=CC(C(N)=O)=C2)=N1,,,,,,,,,,1.0
COC1=CC(OC)=CC(NC2=C(C(N)=O)C3=NN=C(C4=CC=CC=C4)N3C(NC3CCCCC3N)=N2)=C1,,,,,,,,0.0,,
CC1=C(C2=NC=C3C=C(NC(=O)C4CC4F)N=CC3=C2)C=C(C(=O)NC2(C)COC2)C=C1,,,,,,,,,1.0,
CC(C)(C)C1=CC2=C(C(N)=NN2)C(=O)N1,,,,,0.0,,0.0,,0.0,
CC1=CN=C(NC2=CC=CC3=C2CCCC3)N=C1C1=CNC(C(=O)NC(CO)C2=CC(Cl)=CC=C2)=C1,1.0,,,,,,,,,
CN1C=C(C2=CN=C3C=CC(NC(=O)NCCC4=CC=CC=C4)=NC3=C2)C=N1,,,,,,,,,0.0,
CC1(C)C2=C(C=CC(C3CCN(C4COC4)CC3)=C2)C(=O)C2=C1NC1=C2C=CC(C#N)=C1,,,,,,,,,1.0,
C[C@H](CO)CC1=CC=C2C=C(NC(=O)C3CC3)N=CC2=C1,,,,,,,,,1.0,
CC1=C(N2C=NC(OCC3=C(F)C=C(F)C=C3)=C(Cl)C2=O)C=C(C(=O)NCCO)C=C1,0.0,,,,,,,0.0,,
COC1=NN2N=CC(C3=NC(NC4=CC=C([N+](=O)[O-])C=C4)=NC=C3)=C2C=C1,1.0,,,,1.0,,,,,
COC1=CC=C(/C(=C\C2=CN(C(C)=O)C3=CC=C(OCC4=CC=CC=C4)C=C23)C(=O)O)C=C1,,,,,0.0,,,,,
COC1=C(O)C=CC(C=C2SC(=O)NC2=O)=C1,,,,,0.0,,,,,
CCN(C)C(=O)C1=CC2=C(C=C1)C(C(=NC1=CC=C(CN3CCCCC3)C=C1)C1=CC=CC=C1)=C(O)N2,,,,,,,,,,
CC(C)(C)N1N=CC2=C(NC3=CC=C(OC(F)(F)F)C=C3)N=CN=C21,,,,,,0.0,,,,
O=C(NC1=CC=C(N2CCNCC2)C=C1)C1=C(NC2=C3C=CSC3=NC(C3CC3)=N2)C=NN1,,,,,,,,,,
NCCCCC(NC(=O)CCCCCNC(=O)C1=CC=C(C2=NC(N)=NC=C2)S1)C(=O)NCCCCCC(=O)NC(CCCN=C(N)N)C(=O)NC(CCCN=C(N)N)C(=O)NC(CCCN=C(N)N)C(=O)NC(CCCN=C(N)N)C(=O)NC(CCCN=C(N)N)C(=O)NC(CCCN=C(N)N)C(N)=O,,,0.0,,0.0,,,,,
O=C(NC1=CC2=CC=C(C3=CN=CC=C3C(F)(F)F)C=C2C=N1)C1CC1,,,,,,,,,1.0,
CCN(CC)CCNC1=CC(C2=CC=CN2)=C2C(=O)NC3=C2C1=C(F)C=C3,1.0,,,,,,,,,
OC1=CC=C(NC2=NC3=C(NC=N3)C(OCC3CCCCC3)=N2)C=C1,0.0,,,,,,,,,
CC1=CC=C(N2N=C(C(C)(C)C)C=C2NC(=O)NC2=CC(NC3=NC=CC(C4=CN=CC=C4)=N3)=C(C)C=C2)C=C1,,,,,,1.0,,,,
COC1=CC=C(NC2=NN=C(CN3C(C)=NC4=CC=CC=C43)S2)C=C1,,,,,1.0,,,,,
CCOC(=O)C1=CC=C(NC(=O)NC2=NC3=C(CC(N4C(=O)C5=CC=CC=C5C4=O)CC3)S2)C=C1,,,,,0.0,,,,,
CC1=C(NC2=NC(N3C=NC4=CC=CC=C43)=NC(CC3CCN(C)CC3)=C2)C=C(O)C=C1,,,,,,,1.0,,,
NC1=C(NCC2=CC(NC(=O)C3CC3)=NC=C2)C=C(C2=CC=CC=C2)C=N1,,,,,0.0,,,,,
CCOCCN1CCN(C2=CN=C(NC3=NC=C4C=C5C(=O)NCC6(CCCC6)N5C4=N3)C=C2)CC1,1.0,,,,,,,,,
O=C(CC1=CC(Br)=CC=C1)NC1=NNC2=C1C=C(N1CCCS1(=O)=O)C=C2,1.0,,,,,,,,,
FC1=CC=CC(CCC2=NN=C(C3=CC4=C(C=C3)OCC4)O2)=C1,,,,,1.0,,,,,
CC1=C(NC2=NC=CC(C3=CN=CC=C3)=N2)C=C(NC(=O)C2=CC=C(N(CCCl)CCCl)C=C2)C=C1,,,,,,,,,1.0,
COC1=C(C2=C3C=C(C4=CCN(CC(O)CO)CC4)NC3=NC=C2)C=C(F)C=C1,0.0,,,,,,,,,
CC1=CC(CN2CCN(C)CC2)=CC(NC(=O)C2=CC=CC(C#CC3=CN=C4C=NC(C5=CC=C(N)C=C5)=CN34)=C2C)=C1,,,,,,,,,0.0,
COC1=C(OC)C=C2C(=C1)N=C(NC1=C(C)C=CC=C1C)C1=CN=CN12,,,,,,,1.0,,,
COC1=C(N2CCN(C)CC2)C=CC(NC2=NC=C3C(=O)N(C4=C(C)C=CC=C4C)C4=NC5=CC=CC=C5N4C3=N2)=C1,,,,,,,1.0,,,
COC1=C(NC(=O)C2=CC3=C(C=CC(C(N)=O)=C3)N2C)C=CC(C2=NN(C3CCN(C4CCOCC4)CC3)C3=NC=NC(N)=C23)=C1,,,,,,,0.0,,,
CC1=CC(N(C)C2=NC=NC(NC3=CC=CC(C(=O)NCC4=CC=NC=C4)=C3)=C2)=CC=C1,0.0,,,,,,0.0,0.0,,
CC1=CC=C(C2=CC=C3OC=C(C4=CC=CC([S+](C)[O-])=C4)C3=C2)O1,,,,,1.0,,,,,
O=C(C1=CC=C2NC(=O)NC2=C1)N1CCC2=C(C1)C(C1=CC=CC=C1)=NN2,,,,,,,,0.0,,
ClC1=CC(C2=CNC3=NC=CC=C23)=CC(NC2CCCCC2)=N1,,,,,1.0,,,,,
CN1C=C(C2=C(C3=NN=C4C=CC=CN34)C(=O)NC2=O)C2=CC=C(F)C=C21,,,,,1.0,,,,,
C[C@H](CN(C)C)OC1=NC(NC2=CC3=CC=CC(Cl)=C3C=N2)=CN=C1C#N,0.0,,,,0.0,,0.0,,0.0,
O=C(NC1=CC=C(OC(F)(F)F)C=C1)C1=NC2=CC=CC=C2N1CCC1=CC=NC=C1,,,,,,,,,,
CC=CC(=O)NC1=CC=CC(C(=O)C2=CC3=C(C=C2)C(C=CC2=CC=CC=N2)=NN3)=C1,,,,,,,0.0,,,
N#CC(=CC1=CC(O)=C(O)C=C1)C(N)=O,,,,,,,0.0,,,
O=C1NC(=O)C(C2=CC=CC=C2)=C1NC1=CC=C(C(=O)NC2=CC=CC=C2)C=C1,,,,,1.0,,,,,
NC1(C(F)(F)F)CCN(C2=NC=C(C(=O)NC3=CC=C(OC(F)(F)Cl)C=C3)C=C2C2=CN=CN=C2)C1,,,,,,,,,1.0,
CC(C)OC1=CC(C2=CN=C(N)C(C(=O)NC3=CN=CC=C3N3CCCC(C(=O)O)C3)=N2)=C(F)C=C1,,,,,1.0,,,,,
CCS(=O)(=O)NC1=CC=C(CCNC(=O)C2=CC=NC3=C2N=C(C2=CSC=C2)N3)C=C1,,,,,1.0,,,,,
O=C(NC1=CC2=CC=C(C3=CC=NN=C3)C=C2C=N1)C1CC1,,,,,,,,,1.0,
O=C1C(=CC2=CC(O)=C(O)C=C2)OC2=CC=CC=C12,,,,,0.0,,,,,
O=C1NN(C2=CC=CC=C2)C(=O)C1=CC1=CC=C(C2=CC=CC=C2)O1,,,,,,,,0.0,,
O=C1NC(C=CC2=CC([N+](=O)[O-])=CC=C2)=NC2=CC=CC=C12,,,,,,,0.0,,0.0,
CN(C)C1=CC=C(C2=NC(NC3COC4C(NC(=O)NC5=CC=CC(C(F)(F)F)=C5)COC34)=NC=C2)C=C1,,,,,0.0,,,,,
CNC1=NC=C2C=C(C3=C(C)C=CC(C(=O)NC4=CC=CC(C(F)(F)F)=C4)=C3)C=CC2=N1,,,,,,,1.0,,,
S=C1NN2C(COC3=CC=C(Cl)C=C3)=NN=C2S1,1.0,,,,,,,,,
N#CC1=CN2N=C(C3=CC=C(F)C=C3)C(C3=NC(NC4CC4)=NC=C3)=C2C=C1,0.0,,0.0,,0.0,,0.0,0.0,0.0,
CCN1C(C2=NON=C2N)=NC2=C(C#CC(C)(C)O)N=C(OC[C@@H](N)C3=CC=CC=C3)C=C21,,,,,0.0,,,,,
O=C(NC1=CC(Cl)=C(C(F)(F)F)C=C1)C1=NSC=C1NCC1=CC=NC=C1,0.0,,,,0.0,,,,,
CN1C=NC(NCC2=CC=NC=C2)=C1C1=NN=C(NC2=CC=C(Cl)C(Cl)=C2)O1,0.0,,,,0.0,,,,,
CC1=CN2C(C3=CNN=C3)=CN=C2C(NC2=C(Cl)C=C(C(=O)N3CCNCC3)C=C2)=N1,,,,,,,0.0,,,
CC1=CC=C(C2=CC=C3C(NC(=O)CCC(=O)O)=NNC3=C2)C=C1,,,,,0.0,,,,,
CC1=CC=C(F)C=C1C1=CC=C2C=C(NC(=O)N3CCN(C)CC3)N=CC2=C1,,,,,,,,,1.0,
O[C@H]1CC[C@H](NC2=NC=CC(N3N=NC4=CC=CC=C43)=N2)CC1,,,,,,,,0.0,0.0,
COC1=CC(NC2=C(C(N)=O)C3=NC(C4=CC=CC=C4)=CN3C(N[C@H]3CCCC[C@H]3N)=N2)=CC(OC)=C1,,,,,,,,1.0,,
CC1=C(NC2=NC3=C(C=CC(N4CC(C)NC(C)C4)=C3)N3C=NC=C23)C(Cl)=CC=C1,,,,,,,1.0,,,
CN1N=CC(Cl)=C1C1=C(Cl)SC(C(=O)NC(CN)CC2=CC(F)=CC=C2)=C1,,,,,,,,,,
COC1=CC(/C=C2\SC(=O)NC2=O)=CC=C1O,,,,,0.0,,,,,
CCS(=O)(=O)NC1=CC=C(CCNC(=O)C2=CC=NC3=C2N=C(C2=COC=C2)N3)C=C1,,,,,1.0,,,,,
O=C(NC1=CC2=NC=C(C3=CC(F)=CC=C3Cl)C=C2C=N1)C1CC1,,,,,,,,,1.0,
COC1=CC(OC)=C(N(C(=O)OC2=C(C)C=CC=C2C)C2=NC(NC3=CC(F)=C(OCCCN4CCCCC4)C=C3)=NC=C2)C=C1,,,,,,,1.0,,,
CC1=C(C(=O)N2CCN(C(=O)CN)CC2)C=C(SC2=CN=C(NC3=NC(Br)=CC=C3)S2)C=C1,1.0,,,,,,,,,
O=C(O)C1=NC2=CC=CC=C2C2=C1C1=CC=CC(Br)=C1N2,0.0,,,,,,,,,
CC1=CC=NC=C1NC(=O)C1=CC=NC2=C1N=C(N1CCC(C3=CC=CC=C3)C1)N2,,,,,1.0,,,,,
CN(C1=C(C2=CC=CC=C2)C(=O)NC1=O)C1=CC=CC=C1,,,0.0,,0.0,,,,,
CN(C)C(=O)C1=CC2=CN=C(NC3=NC=C(CN4CC(O)C4)C=C3)N=C2N1C1CCCC1,0.0,,,,,,,,,
CCCNC1=CC(N2N=CC3=C(NN=CC4=CC=NC=C4)N=CN=C32)=CC=C1,0.0,,0.0,,0.0,,0.0,0.0,0.0,
CC1=CC(=O)NN=C1C1=C(Cl)C=C(NC(=O)C2=NN(C3CCN(C(=O)NC(C)(C)C)CC3)C3=CC=CC=C23)C=C1,,,,,,,0.0,0.0,,
CC1COC2=C3C(=C(N)C(F)=C2NCCCC2=CC=CC=C2)C(=O)C(C#N)=CN31,,,,,1.0,,,,,
CNC(=O)C1=C(OCCC2=CN(CCNC3=C4CCCCC4=NC4=CC=CC=C34)N=N2)N=C(C2=CC(NC(=O)C3CC3)=NC=C2)S1,,,,,1.0,,,,,
CC1=CC(NC2=NC=NC3=CC=C(NC4=NC(C)(C)CO4)C=C23)=CC=C1OC1=CC2=NC=NN2C=C1,0.0,,0.0,,0.0,,0.0,,0.0,
OC1=NN=C(C2=CNC(C3=CC=CC=C3)=C2C2=CC=CC=C2)C2=CN(C3=CC=C(Cl)C=C3)N=C12,,,,,,,0.0,,0.0,
COC1=C(Cl)C=C(Cl)C(NC2=C(C#N)C=NC3=CC(C4=COC(CN(C)C)=C4)=C(OC)C=C23)=C1,,,,,,,,,1.0,
NS(=O)(=O)C1=CC=C(N=CC2=C(O)NC3=C2C2=C(C=C3)N=CS2)C=C1,1.0,,0.0,,0.0,,0.0,0.0,0.0,
NC(=O)C1=NC=C(C2=CC(NC(=O)C3CC3)=NC=C2)N=C1,,,,,1.0,,,,,
COC1=CC=C(CNC(=O)NC2=NC3=C(C=C(C(=O)CBr)C=C3)N2)C=C1,,,,,1.0,,,,,
NC(N)=NC1=CC=C(C(=O)C2=CC=CC(N=C(N)N)=C2)C=C1,,,,,0.0,,,,,
CNC1=NC=C2C=C(C3=C(C)C=CC(C(=O)NC4=CC(C(F)(F)F)=CC=C4NC(=O)NCCN4CCOCC4)=C3)C=CC2=N1,,,,,,,1.0,,,
CN(C1=NC(NC2=CC=C(C(N)=O)C=C2)=NC=C1)C1CCCCC1,,,,,,,1.0,,,
NC(=O)C1=C(N)N(C2=CC=CC(NC(=O)C3=CC=CC(C(F)(F)F)=C3)=C2)C2=NC3=CC=CC=C3N=C12,,,,,,,,,,
CCN(CCO)CCCOC1=CC=C2C(NC3=NNC(CC(=O)NC4=CC=CC(F)=C4)=C3)=NC=NC2=C1,0.0,,0.0,,0.0,,1.0,0.0,0.0,
CC1=NN(C)C(C(=O)NC2=CC(OC3=NN4C=C(NC(=O)C5CC5)N=C4C=C3)=CC=C2C)=C1,0.0,,0.0,,0.0,,0.0,,1.0,
CC(C)(N)CNC1=CC(C2=CC=CN2)=C2C(=O)NC3=C2C1=C(F)C=C3,1.0,,,,,,,,,
CN1C=C(C2=CC=C(CC3=NNC4=CC=C(C(=O)N5CC[C@@H](O)C5)C=C34)C=C2)C=N1,,,0.0,,0.0,,0.0,0.0,0.0,
COC1=C(NC2=NC=C(Cl)C(NC3=CC=CC=C3S(=O)(=O)C(C)C)=N2)C=CC(N2CCC(N3CCN(C)CC3)CC2)=C1,0.0,,0.0,,0.0,,1.0,0.0,1.0,
CC1=C(C2=NC(NC3=CC=C(F)C=C3)=NC=C2)C(C)=C(Br)N1,1.0,,,,,,,,,
O=C1NC(=O)C(C2=NN(CCCN3CCCC3)C3=CC=CC=C23)=C1C1=CN(C2=CC3=CC=CC=C3C=C2)C2=CC=CC=C12,,,,,0.0,,,,,
O=C1NC(=O)C(C2=CC=CC=C2Cl)=C1NC1=CC(Cl)=CC=C1,,,0.0,,1.0,,,,,
COC1=CC(C2=NN(CCN3CCC(N(C)C)CC3)C3=NC=NC(N)=C23)=CC=C1NC(=O)OC(C)(C)C,,,,,,,,,1.0,
CNC(=O)NC1=CC=C(C2=NC=CC(C3=NC(NC4=CC(S(=O)(=O)NC)=C(C)C=C4)=NC=C3)=C2)C=C1,1.0,,,,,,,,,
NC(=O)C1=CC(C2=CC=C(F)C=C2)=CC(C2=CC=NC=C2)=C1N,0.0,,0.0,,0.0,,0.0,0.0,0.0,
CC1=CN(C2=CC(F)=CC(NC(=O)C3=CC(NC4=NC=CC(C5=CN=CC=C5)=N4)=C(C)C=C3)=C2)C=N1,,,,,,,0.0,,1.0,
CC1=NC(C)=C(C2=NC(NC3=CC=C(C(F)(F)F)C=C3)=NC=C2)S1,1.0,,,,,,,,,
CC(C)N1N=C(C2=CC3=C(C=C2)N=CC=C3)C2=C(N)N=CN=C21,,,0.0,,0.0,,,0.0,1.0,
CC1=C(NC2=NC=CC(C3=CN=CN=C3)=N2)C=C(NC(=O)C2=CC3=C(C=C2)C(N2CCN(C)CC2)CC3)C=C1,,,,,,,,,1.0,
CO[C@H]1CC[C@H](NC(=O)C2=NNC=C2NC(=O)C2=CC=C(C3=CC=CC=C3)O2)CC1,0.0,,,,0.0,,,,,
COC1=CC=C(C)C(NC2=CC=NC(N3C=NC4=CC=CC=C43)=N2)=C1,,,,,,,0.0,,,
CC(C)(C)OC1=CC=C2C=C(NC(=O)C3CC3)N=CC2=C1,,,,,,,,,1.0,
CN(C1=CC=CC=C1)C1=NC=CC(C2=C3C=CC=NN3N=C2)=N1,0.0,,,,0.0,,,,,
CSC1=CC(C2=CC=CC=C2)=NC2=C1C(N)=NN2,,,,,0.0,,,,,
COC1=CC=C(N(C(=O)OC2=C(C)C=CC=C2C)C2=CC=NC(NC3=CC=C(N4CCN(C)CC4)C=C3)=N2)C(OC)=C1,,,,,,,1.0,,,
CN1CCN(C2=CC=C(NC3=NC(N)=C(C(=O)C4=CC5=C(C=C4)OCCO5)S3)C=C2)CC1,,,,,,,0.0,,0.0,
NS(=O)(=O)C1=CC=CC(N=CC2=C(O)NC3=CC=CC=C23)=C1,0.0,,0.0,,0.0,,0.0,0.0,0.0,
CC1=C(C#CC2=CC3=C(C)NN=C3N=C2)C=C(C(=O)NC2=CC(C(F)(F)F)=C(CN3CCN(C)CC3)C=C2)C=C1,,,,,,,,,1.0,
CC1=CC(C)=C(NC(=O)C2=C(C)N=C(NC(=O)OCC3=CC=CC=C3)S2)C(C)=C1,,,,,,,,,,0.0
FC(F)(F)C1=CC=C(NC2=NN=C(C3=CN=CC=C3CCC3=CC=NC=C3)O2)C=C1,,,,,,,,,,
COC1=CC(F)=CC=C1C1=CNC(=O)C2=C1SC(C1=CC=NC=C1)=C2,,,,,1.0,,,,,
COC(=O)C1=CC2=CC(NCC3=C(Cl)C=CC=C3Cl)=CN=C2N1,,,,,,,,,1.0,
CN1CCC(C2=C(O)C=C(O)C3=C2OC(SC(C)(C)C)=CC3=O)C(O)C1,0.0,,,,,,,,,
O=C(O)C1=CC=C2C3=C1C=CC=C3C(=O)N1C3=CC=CC=C3N=C21,,,0.0,,0.0,,,,,
NS(=O)(=O)C1=CC=C(NC2=NC(N3CCOCC3)=NC3=C2NC=N3)C=C1,,,,,,,,,0.0,
CCN(CC)CCOC1=CC=C(NC2=CC(N(C)C(=O)NC3=C(C)C=CC(NC(=O)C4=CC5=CC=CC=C5N4C)=C3)=NC=N2)C=C1,,,,,,,1.0,,,
NC(=O)C1=C(OCCC2=CN(C3=C4CCCCC4=NC4=CC=CC=C34)N=N2)N=C(C2=CC(NC(=O)C3CC3)=NC=C2)S1,,,,,1.0,,,,,
O=C1NC(O)=C2C1=C1C3=C(C=CC(Cl)=C3)N=C1C1=CC=CN12,,,,,,,,,,
CN1C=C(C2=C(C3=COC4=CC=C(F)C=C34)C(=O)NC2=O)C2=CC3=C(C=C21)OCO3,,,,,1.0,,,,,
CC1=CC=CC=C1C1=CC(C(=O)N2CCC3=C(C2)NC2=CC=CC=C32)=CC=C1,0.0,,,,,,,,,
COC1=CN2N=CC(C(=O)NC3=C(Cl)C=C(NC(=O)C4=NN(C5CCN(C(=O)CC(C)(C)C#N)CC5)C5=CC=C(F)C=C45)C=C3)=C2C=C1,,,,,,,1.0,1.0,,
O=C(CN1CCOCC1)NC1=CC2=C(C=C1)N=CN=C2NC1=CC(Cl)=C(OC2=CC=CC(C(F)(F)F)=C2)C=C1,,,,,,,,,0.0,
CC1=C(C2=NC(NC3=CC=C(N4CCOCC4)C=C3)=C3C(=O)NC=CC3=C2)C=NC=C1,,,,,,,,1.0,,
O=C1NC=C(C2=CC=C3OCCOC3=C2)C2=C1C=C(C1=CC=NC=C1)S2,,,,,1.0,,,,,
NC1=CC=C(C2=CC(=O)C3=C(O2)C(N)=C(O)C=C3)C=C1,,,,,,,0.0,,,
COCC1OC(=O)C(=CN(C)CCCN(C)C)C2=C(O)C(=O)C3=C(C(OC(C)=O)CC4(C)C(O)CCC34)C21C,,,,,,,0.0,,,
CC1=CC(NC2=NC=CC3=C2NC(C2=C(Cl)C=C(C#N)C=C2Cl)=N3)=NC=N1,1.0,,,,,,,,,
CC(C)C1=C(C2=CC=C(Cl)C=C2)NC2=NC=CN=C12,,,,,1.0,,,,,
CN1C(=O)C2=C(C=CC3=C2N=C(NC2=C(Cl)C=CC=C2Cl)N3)C(C)(C)C1=O,,,,,,,0.0,,,
FC(F)(F)C1=CC=C(C2=NN3N=CC=CC3=C2C2=CC=NC(NC3=CC=CC(C(F)(F)F)=C3)=N2)C=C1,0.0,,,,0.0,,,,,
CCCCC1=C(C2=CC=C(Cl)C=C2)NC2=NC=CN=C12,,,,,0.0,,,,,
CC(C)NC1=C(C#N)C=NC2=CC(C3=CC=C(S(C)(=O)=O)C=C3)=CC=C12,,,,,0.0,,0.0,,0.0,
NC1=NC=NC2=C1C(C1=CC=C(OC3=CC=CC=C3)C=C1)=CN2C1CCOC1,,,,,,,1.0,,,
CN1C=C(C2=NC(C3=CN(C)C4=C3C=CC=N4)=CS2)C2=C1C=CC(F)=C2,,,,,0.0,,,,,
CS(=O)C1=CC=C(C2=NC(C3=CC=C(F)C=C3)=C(C3=CC=NC=C3)N2)C=C1,0.0,,0.0,,0.0,,0.0,0.0,0.0,
C=CCNC(=O)NC1=CN=CC2=NC(C3=CC=CC=C3)=CN=C12,,,,,,,,,0.0,
N[C@H]1CCCC[C@H]1NC1=CC2=C(C(NC3=CC=CC4=C3NC=C4)=N1)C(=O)NC=N2,,,,,,,,1.0,,
CC(=O)CC1(O)C2=CC=CC=C2[N+]2=CC=C3C(=C21)NC1=CC=CC=C13,,,,,,,0.0,,,
O=C(NC1=C(C2=NC3=C(C=C(CN4CCOCC4)C=C3)N2)NN=C1)C1=CC=CC=C1,1.0,,,,,,,,,
CC1=NC(C2=CC3=CN=C(NC(=O)C4CC4)C=C3C=C2)=CS1,,,,,,,,,1.0,
C=CCNC(=O)NC1=C2N=CC(C3=CC=CC=C3)=NC2=CN=C1,,,,,,,,,0.0,
COC1=C(NC(=O)C2=C(F)C=C(C(F)(F)F)C=C2)C=CC(C2=NN(C3CCN(C4CCN(C)CC4)CC3)C3=NC=NC(N)=C23)=C1,,,,,,,1.0,,,
COC1=CC=CC=C1C(=O)NC1=CC=CC(C2=NC3=C(NC4=CC=CC=C4)N=CN=C3N2)=C1,,,,,,,,,0.0,
CC1=C(C2=C(F)C=C(C(N)=O)C3=C2C2=C(CC(C(C)(C)O)CC2)N3)C=CC=C1N1C(=O)C2=C(C(F)=CC=C2)N(C)C1=O,,,,,,,1.0,,,
COC1=CC=CC(N=NC2=C(C3=C(OC)C=CN=C3)NNC2=O)=C1,,,,,1.0,,,,,
OC1CCC(NC2=NC=C(Cl)C(NC34CC5CC(CC(O)(C5)C3)C4)=N2)CC1,,,1.0,,1.0,,,,,
CC1=CC=NC([C@@H](C)O)=C1C1=CC=C2C=C(NC(=O)C3C[C@@H]3F)N=CC2=C1,,,,,,,,,1.0,
CNC(=O)C1=CC(OC2=CC=C3OC(NC4=CC=C(Cl)C(OC[C@@H]5CCCN5C)=C4)=NC3=C2)=CC=N1,,,,,0.0,,0.0,0.0,,
COC1=CC2=C(C=C1)N(CCCN1C=CN=C1)C=C2C1=C(N2C=CC3=C2C=CC=N3)C(=O)NC1=O,,,,,1.0,,,,,
ClC(CN1N=CC2=C(NCCC3=CC=CC=C3)N=C(SCCN3CCOCC3)N=C21)C1=CC=CC=C1,,,,,,,,,1.0,
O=C(NC1=CC(F)=C(OC(F)(F)F)C=C1)C1=CC=CC(C2=CN=CN=C2)=C1,,,,,,,,,1.0,
O=C1NC2=CC=C([N+](=O)[O-])C=C2C1=CC1=CC=CC=N1,,,,,0.0,,,,,
COCC(=O)N1CCCC(C2=NC(C3=C(F)C=C(C(=O)NC4=NC=CC(C(F)(F)F)=C4)C=C3)=C3C(N)=NC=CN23)C1,,,,,,,1.0,,,
CC1(C)CCC2=C(C1)NN=C2C(=O)NC1=CN([C@H](C2=CC=CC=C2)C2CCCCS2(=O)=O)N=C1,,,,,,,1.0,,,
CC1=C(C2=CC3=CN=C(NC4=NC=CC(CO)=C4)C=C3C=C2)C=C(F)C=C1,,,,,,,,,1.0,
CCS(=O)(CC1=CC(NC2=NC=C(F)C(C3=C(OC)C=C(F)C=C3)=N2)=CC=C1)=NC#N,1.0,,,,,,,,,
CC(NC1=NC=CC(N2C=NC3=CC=CC=C32)=N1)C1CN(C(=O)NC2=CC=CC3=CC=CC=C23)CCN1CC1=CC=CC=C1,,,,,,,1.0,,,
O=C1C2=C(C=C(C3=CC=C(Cl)C=C3)O2)CC2=C(C=CC(N3CCNCC3)=C2)N1CC1=CC=CC=C1C1=CN=CC=C1,,,,,0.0,,0.0,,,
O=C(NC1=CC=C(OC(F)(F)F)C=C1)C1=CC=C(N2CCC(O)C2)C(C2=CN=CN=C2)=C1,,,,,,,,,1.0,
CC1=NC2=C(S1)C(=O)C=C(NC1=CC=C(O)C=C1)C2=O,0.0,,,,,,,,,
CC(C)(C)C1=CC=C(NC(=O)C2=NC=CN2CCC2=CC=NC=C2)C=C1,,,,,,,,,,
CC1=C(C2=CC3=CN=C(NC(=O)C4CC4)C=C3C=C2)C=C(NC(=O)C2COCCO2)C=C1,,,,,,,,,1.0,
COC1=CC2=C(C=C1)C1=C(C(C(=O)O)=N2)C2=C(N1)C(Br)=CC=C2,0.0,,,,,,,,,
CC(C)N1CCN(C2=CN=C(NC3=NC=C4C=C5C(=O)NCC6(CCCCC6)N5C4=N3)C=C2)CC1C,0.0,,,,,,,,,
O=C1NCC2(CCCCC2)N2C1=CC1=CN=C(NC3=NC=C(N4CCC(N5CCOCC5)CC4)C=C3)N=C12,1.0,,,,,,,,,
CC(C1=CC2=C(C=C1)N=CC=C2)C1=NN=C2SC(C3=CN(C)N=C3)=NN12,,,,,,,0.0,0.0,0.0,
CN(C(=O)NC1=C(Cl)C=CC=C1Cl)C1=NC=NC(NC2CCOCC2)=C1,,,,,,,0.0,,,
CN(C)CC=CC(=O)NC1=CC=CC(C(=O)NC2=NC=C(SCC3=NC=C(C(C)(C)C)O3)S2)=C1,1.0,,,,,,,,,
O=C(O)C1=CC=C(CN2CCC(CNC(=O)C3=NNC4=CC=C(C5=CC=CC=C5F)C=C34)CC2)O1,,,,,1.0,,,,,
CC1=C(C2=CC3=CN=C(N)C(C#N)=C3C=C2)C=NC=C1,,,,,,,,,1.0,
C=CC(=O)NC1=CC2=C(NC3=CC(Cl)=C(F)C=C3)N=CN=C2S1,,,,,,,,,0.0,
NC(=O)C1=C(C2=CC=C(OC3=CC=CC=C3)C=C2)NC(C(=O)C2=CC=CC(Br)=C2)=C1N,,,,,,,,,,
CC(C)CCOC1=C(C(=O)C2=CC=CC=C2)C=NC2=NNC=C12,,,,,,,0.0,,,
O=C1NC(=O)C(C2=CC=CC=C2Cl)=C1NC1=CC=CC=C1,,,0.0,,1.0,,,,,
COC1=CC(C2=NN(C(C)C)C3=NC=NC(N)=C23)=CC(OC)=C1OC,,,,,,,,,1.0,
CN1C=C(C2=C(C3=NN=C4C=CC=CN34)C(=O)NC2=O)C2=C1C=C(Br)C=C2,,,,,1.0,,,,,
NC(=O)C1=NN=C2C(C3=CC=C4C=CNC4=C3)=CC=CC2=C1N,,,,,,,0.0,,,
CC(=O)N1CCC(NC2=NC(C(=O)C3=CN(C(C)C)C4=NC=NC(N)=C34)=CN=C2)C1C1=CC=C(F)C=C1,,,,,1.0,,0.0,,,
CCOC1=CC=CC2=C1C(N=NC1=CC=C(S(N)(=O)=O)C=C1)=C(O)N2,1.0,,,,,,,,,
CC1=C(NC2=NC3=CC=CC=C3N2C2=NC=NC(N)=C2)C=C(C(=O)NC2=CC(Br)=CC=C2)C=C1,,,,,,,1.0,,,
COC1=CC(OC)=C2C=C(C3=CC=NC=C3)C=NC2=C1,,,,,,,0.0,,,
O=C(NC1=NC=C2C=C(SC3=CC=CC=C3)C=CC2=C1)C1CC1,,,,,,,,,1.0,
CCCC(=O)NC1=NNC2=C1C=CC(C1=CC(O)=CC=C1)=C2,,,,,1.0,,,,,
COC1=C(OC)C=C(C2=CC3=C(C=CC(NC(=O)NC(C)(C)C)=N3)N=C2)C=C1,,,,,,,,,0.0,
CC[C@H](NC1=NC(NCC2=CC=CC(C)=N2)=C2N=CN(C(C)C)C2=N1)[C@@H](C)O,1.0,,,,,,,,,
CC1=CC=CC(Cl)=C1NC(=O)C1=CC=C2N=C(NC(=O)C3CC3C3=CC=CC=C3)SC2=C1,,,,,,,1.0,,,
CC1=CC=C(C(=O)NC2=CC=CC(NC3=NC=CC(C4=CN=CC=C4)=N3)=C2)C=C1,,,,,,,,,0.0,
N#CC1=CN=C(N2CCC(NC3=C4C=CNC4=NC=C3C(N)=O)C(F)C2)C=C1,,,,,1.0,,,0.0,0.0,
O=C(NC1=CC=CN=N1)N1CCC(=CC2=CC=CC(OC3=CC=C(C(F)(F)F)C=N3)=C2)CC1,,,,,,,,,,
CNC(=O)C1=NC=CC(OC2=CC(F)=C(NC(=O)NC3=CC(C(F)(F)F)=C(Cl)C=C3)C=C2)=C1,,,,,,0.0,,,0.0,
CN1C=CC=C1C(=O)N1CC(NC(=O)NC2=C(F)C=C(F)C=C2)CC1C(=O)NC(CC1=CNC2=CC=CC=C12)C(N)=O,,,,,0.0,,,,,
CC1=C(NC2=NC=CC(C3=CN=CC=C3)=N2)C=C(NC(=O)NCCCO)C=C1,,,,,,,,,0.0,
O=C1CCCN2[C@@H](CC1)C[C@]13CN4CCCC/C=C\CC[C@](O)(C=C(C5=NC=CC6=C5NC5=C(O)C=CC=C56)C1CC4)[C@H]23,,,,,0.0,,,,,
FC(F)(F)C1=CC=CC(NC2=NN=C(C3=CC=CN=C3CCC3=CC=CC4=NC=CC=C34)O2)=C1,,,,,,,,,,
COC1=CC=CC(C2CN(C3=NC(C4=CC=NC=C4)=CC(=O)N3C)CCN2)=C1,,,,,1.0,,,,,
O=C(NC1=CC=C(OC(F)(F)F)C=C1)C1=CN=C(N2CC[C@@H](O)C2)C(C2=CN=CN=C2)=C1,,,,,,,,,1.0,
O=C(NC1=CC=C2NN=C(C3=NC4=CC(N5CCC(N6CCCCC6)CC5)=CC=C4N3)C2=C1)C1=CC=CO1,,,,,,,,,1.0,
CC1=CC=C(F)C=C1C1=CC=C2C=C(NC3=CC=CC(=O)N3)N=CC2=C1,,,,,,,,,1.0,
COC1=CC=CC=C1NC(=O)CC(NC1=CC=C(OC2=CC=NC3=C2SC(C2=CN(C)C=N2)=C3)C(F)=C1)C(F)(F)F,,,,,0.0,,,,,
COC1=C(OC)C=C(C2=C(N=NC3=CC=CC=C3)C(=O)NN2)C=C1,,,,,1.0,,,,,
CSC1=NC(NC2=CC=CC=C2)=C2C=NN(CC(C)C3=CC=CC=C3)C2=N1,,,,,,,,,0.0,
COC1=CC(NC2=C(C(N)=O)C3=NC=CN3C(N[C@H](C)C3=CC=CC=C3)=N2)=CC(OC)=C1,,,,,,,,1.0,,
OC1=C(N=NC2=CC=CC=C2)C2=CC=CC=C2N1,0.0,,,,,,,,,
CC1=CC=C(C(=O)NC2=CC=C(C)C(NC3=NC=CC(C4=CC=CN=C4)=N3)=C2)C=C1,,,,,,,,,1.0,
CC1=C(C=CN2C=NC3=C(NC4CC4)N=CN=C32)C=C(C(=O)NC2=NOC(C(C)(C)C)=C2)C=C1,,,,,,,,,0.0,
CC1=C(C2=CC=C3C(N4CCOCC4C)=NN=CC3=C2)C=C(C(=O)NC2CC2)C=C1,,,,,,,0.0,,,
CCCCCC(=O)N(CC(=O)N(CC(=O)N(CC(=O)N(CCCC1=CC=CC=C1)CC(N)=O)CC(C)C)CC(C)C)CC1=CC=C(CP(=O)(O)O)C=C1,,,,,,,0.0,0.0,,
COC1=C(OC)C=C(C2=C3NC=NC3=NC(NC3=CC(NC(=O)NC4CCNC4)=CC=C3)=N2)C=C1,0.0,,,,,,,,,
COC1=CC=C2N=C(C3=N[C@@H](C(=O)O)C(C)(C)S3)SC2=C1,,,,,,,,,,
COC1=CC(C2=C(C3=CNC4=C3N=CC=C4)C(=O)NC2=O)=CC(OC)=C1OC,,,,,1.0,,,,,
NC(=O)C1=C2NCCCCCN2N=C1C1=CC2=C(C=C1)SC=N2,,,,,,,0.0,,,
O=C(NC1CCC1)C1=CC=CC=C1SC1=CC=C2C(/C=C/C3=CC=CC=N3)=NNC2=C1,,,,,,,0.0,,,
CSC1=NC(NC2=CC(F)=CC=C2)=C2C=NN(CC(Cl)C3=CC=C(F)C=C3)C2=N1,,,,,,,,,1.0,
COC1=C(OC)C=C(NC2=NC3=C(NC=N3)C(N3CCOCC3)=N2)C=C1,,,,,,,,0.0,,
COC1=CC(N2CCN(C)CC2)=CC=C1NC1=NC=C(Cl)C(OC2=CC=CC(NC(=O)CCO)=C2)=N1,,,,,,0.0,,,,
O=C(NC1=CC=C(SC(F)(F)F)C=C1)C1=CN=C(N2CCC(O)C2)C(C2=CC(F)=CN=C2)=C1,,,,,,,,,1.0,
COC1=CC(C2=NN(C3CCN(C4CCOCC4)CC3)C3=NC=NC(N)=C23)=CC=C1NC(=O)C1=CC=C(N(C)C)C=C1,,,,,,,1.0,,,
CC(NC(=O)C1=CNC2=NC=C(C3=NN(C)C4=C3C(F)=CC(Cl)=C4)N=C12)C(=O)N1CC(C#N)C1,0.0,,,,,,0.0,,0.0,
NC1=CC(OC2=C(F)C=C(NC(=O)C3=CC=CN(C4=C(F)C=C(F)C=C4)C3=O)C=C2)=NC=N1,,,,,,,,,0.0,
CSC1=NC(NCCC2=CC(Cl)=CC=C2)=C2C=NN(CC(Cl)C3=CC=CC=C3)C2=N1,,,,,,,,,1.0,
C1=CN2C=C(C3=CC4=C(C=C3)NN=C4)N=C2N=C1,,,,,1.0,,,,,
CC(C)(O)C1=CC=C(NC2=NC3=CC=C(C#N)C=C3N2)C=C1,,,,,0.0,,,,,
COCCN1CCN(C2=CC=C(C3=C4N=CC(C5=CC=C(NC(=O)OCC(C)C)C=C5)=C(N)N4N=C3)C=C2)CC1,,,,,,,1.0,,,
CCNC(=O)NC1=NC2=C(C=C(C3=CC=CC=C3)C=C2)N1,,,,,,,,,1.0,
CC(C)OC1=C(C(N)=O)SC(C2=CC=NC(NC(=O)C3CC3)=C2)=N1,,,,,1.0,,,,,
COC1=CC=C(NC(=O)NC2=NC3=C(CC(N4C(=O)C5=CC=CC=C5C4=O)CC3)S2)C=C1,,,,,0.0,,,,,
COC1=C(OC)C=C2C(=C1)N=C(NC1=C(C)C=CC=C1Cl)C1=CN=C(C=O)N12,,,,,,,1.0,,,
NC(=O)C1=C(OCC2CC2)N=C(C2=CC(NC(=O)CNCCNC3=C4CCCCC4=NC4=CC=CC=C34)=NC=C2)S1,,,,,1.0,,,,,
CC1=C(NC2=NC=CC(C3=CN=CC=C3)=N2)C=C(NC(=O)NC2=CC(N(C)C)=CC=C2)C=C1,,,,,,,,,1.0,
COCC1=C(C2=CC=C(OC3=CC=CC=C3)C=C2)C2=C(N)N=CN=C2N1C1CCCC1,,,,,,,1.0,,,
COC(=O)C1=CC=C2N=C(NC3=C(C)C=CC=C3Cl)C3=CN=CN3C2=C1,,,,,,,1.0,,,
CC1=CC=C2C(=C1)C=CN2CCC1=CNC2=CC=C(C)C=C12,0.0,,,,,,,,,
NC(=O)C1=C2NC3=CC=C(OCC4=CC=CN=C4)C=C3CCN2N=C1C1=CC=C(OC2=CC=CC=C2)C=C1,,,,,,,1.0,,,
COC1=CC=CC=C1C1CCN(C2=CC(C3=CC=NC=N3)=CC(=O)N2C)CC1,,,,,1.0,,,,,
FC(F)(F)C1=CC=C(C2=NN3N=CC=CC3=C2C2=NC(NC3=CC(C(F)(F)F)=C(Cl)C=C3)=NC=C2)C=C1,0.0,,,,0.0,,,,,
CCCONC(=O)C1=CC=CC=C1SC1=CC=C2C(/C=C/C3=CC=CC=N3)=NNC2=C1,,,,,,,0.0,,,
CN1CCN(C2=CC=CC3=C2N=C(C2=NNC4=CC(C5=CC=C(CO)C=C5)=CC=C24)N3)CC1,0.0,,,,,,,,,
CC1=C2C=C(C3=CC(OCC(N)CC4=CC=CC=C4)=CN=C3)C=CC2=NN1,1.0,,0.0,,1.0,,0.0,0.0,0.0,
NC1=C2C(C3=CC(OC4=CC=CC=C4)=CC=C3)=CN(C3CCCC3)C2=NC=N1,,,,,,,1.0,,,
CCC(NC1=NC(NCC2=CC=NC=C2)=C2N=CN(C(C)C)C2=N1)C(C)O,1.0,,,,,,,,,
CC1=NC=C(C2=NC(NC3=CC=C(S(=O)(=O)NCCN(C)C)C=C3)=NC=C2)N1C,1.0,,,,,,,,,
N#CC1=CC=CC(CSC2=NN=C(C3=CC=C([N+](=O)[O-])C=C3)O2)=C1,,,,,,,,,,
COC1=NC=CC(C2=C(C3=CC=C(F)C=C3)N=CN2C2CCNCC2)=N1,,,,,,,0.0,,,
COC1=CC([N+](=O)[O-])=C(C2=CC=C(C=C3SC(=S)NC3=O)O2)C=C1,,,,,0.0,,,,,
CC(NC(=O)C1=CNC2=NC=C(C3=C4C(F)=CC(F)=CN4C=N3)N=C12)C(=O)N1CC(C#N)C1,0.0,,,,0.0,,0.0,,0.0,
COC1=CC=CC=C1NC1=NC=CC(C2=CC=C(C(=O)O)C(C(C)C)=C2)=N1,,,,,0.0,,,,,
CC1=C(NC2=NC=CC(C3=CN=CC=C3)=N2)C=C(NC(=O)NCCCN(C)C)C=C1,,,,,,,,,0.0,
CC1=CC=C(NC(=O)N2CCOC(CO)C2)C=C1C1=CC=C2C=C(NC(=O)C3CC3)N=CC2=C1,,,,,,,,,1.0,
CCN1C(C2=NON=C2N)=NC2=C(C#CC(C)(C)O)N=C(OCC(C)N)C=C21,,,,,1.0,,,,,
NC1CCCN(C2=NC=C(C(=O)NC3=CC=C(OC(F)(F)Cl)C=C3)C=C2C2=CN=CN=C2)C1,,,,,,,,,1.0,
COC1=NC=CC=C1C(=O)NC1=CC=CC(C2=NC=NC3=C2N=CN3)=C1,,,,,,,,,0.0,
CCN(CC)C1CCN(C2=CN=C(NC3=NC=C4C=C5C(=O)NCC6(CCCC6)N5C4=N3)C=C2)CC1,0.0,,,,,,,,,
CN1CCN(C2=NC=C(C3=CC4=C(N=C3)NCCN4CC3=C(F)C=CC(F)=C3Cl)C=C2)CC1,0.0,,0.0,,0.0,,0.0,0.0,,
O=C(/C=C/C1=CN=C2NC=C(C3=CC=CC=C3)C2=C1)NCCC1=CC=CC=C1,,,,,1.0,,,,,
